WINM26;14/05/2026;18:00:00;180645,00;180720,00;180510,00;180675,00;5083680722,00;140745
WINM26;14/05/2026;17:00:00;180485,00;180745,00;180385,00;180635,00;1,898947831E10;525760
WINM26;14/05/2026;16:00:00;180555,00;180815,00;180375,00;180490,00;4,48134095E10;1240918
WINM26;14/05/2026;15:00:00;181120,00;181135,00;180435,00;180550,00;5,323531466E10;1472250
WINM26;14/05/2026;14:00:00;181025,00;181550,00;181000,00;181125,00;5,280246791E10;1456104
WINM26;14/05/2026;13:00:00;181070,00;181220,00;180725,00;181020,00;4,846330082E10;1338791
WINM26;14/05/2026;12:00:00;180965,00;181185,00;180845,00;181070,00;5,256616598E10;1451887
WINM26;14/05/2026;11:00:00;180105,00;181110,00;180035,00;180960,00;9,902495212E10;2739140
WINM26;14/05/2026;10:00:00;180675,00;180865,00;179705,00;180105,00;1,364510363E11;3782584
WINM26;14/05/2026;09:00:00;179055,00;180785,00;179055,00;180680,00;9,307341947E10;2581187
WINM26;13/05/2026;18:00:00;179225,00;179260,00;178935,00;179105,00;5181376292,00;144668
WINM26;13/05/2026;17:00:00;179170,00;179350,00;178845,00;179230,00;2,665178717E10;743911
WINM26;13/05/2026;16:00:00;179590,00;179670,00;178890,00;179170,00;5,155843185E10;1438179
WINM26;13/05/2026;15:00:00;180575,00;180860,00;178790,00;179595,00;1,141971124E11;3172286
WINM26;13/05/2026;14:00:00;182105,00;182125,00;180385,00;180575,00;7,605486442E10;2094015
WINM26;13/05/2026;13:00:00;182465,00;182740,00;182080,00;182105,00;5,24583126E10;1437402
WINM26;13/05/2026;12:00:00;182350,00;182560,00;182155,00;182465,00;5,134226404E10;1407471
WINM26;13/05/2026;11:00:00;181950,00;182565,00;181805,00;182350,00;8,269773068E10;2268332
WINM26;13/05/2026;10:00:00;182075,00;182440,00;180825,00;181955,00;1,431767323E11;3939597
WINM26;13/05/2026;09:00:00;182750,00;182900,00;181560,00;182075,00;9,097079844E10;2498825
WINM26;12/05/2026;18:00:00;182855,00;182960,00;182700,00;182770,00;5552003403,00;151815
WINM26;12/05/2026;17:00:00;182775,00;182880,00;182585,00;182855,00;1,840358762E10;503560
WINM26;12/05/2026;16:00:00;182665,00;183185,00;182660,00;182775,00;5,327231885E10;1456312
WINM26;12/05/2026;15:00:00;182350,00;182965,00;182170,00;182670,00;5,342546088E10;1463048
WINM26;12/05/2026;14:00:00;182330,00;182775,00;182280,00;182350,00;5,057671129E10;1385406
WINM26;12/05/2026;13:00:00;182445,00;182600,00;182160,00;182330,00;4,773035372E10;1308412
WINM26;12/05/2026;12:00:00;182480,00;182880,00;182145,00;182445,00;6,223519661E10;1705517
WINM26;12/05/2026;11:00:00;183470,00;183645,00;182205,00;182480,00;1,0871512E11;2972953
WINM26;12/05/2026;10:00:00;183540,00;184090,00;182520,00;183470,00;1,614850517E11;4403138
WINM26;12/05/2026;09:00:00;183800,00;183935,00;183115,00;183545,00;9,969017219E10;2716121
WINM26;11/05/2026;18:00:00;184365,00;184965,00;184310,00;184600,00;7698781060,00;208545
WINM26;11/05/2026;17:00:00;184370,00;184450,00;184165,00;184365,00;1,898547939E10;515068
WINM26;11/05/2026;16:00:00;184450,00;184475,00;183940,00;184365,00;5,14224732E10;1395786
WINM26;11/05/2026;15:00:00;184400,00;184675,00;184205,00;184445,00;4,618288475E10;1251885
WINM26;11/05/2026;14:00:00;184490,00;184610,00;184180,00;184395,00;4,876822572E10;1322414
WINM26;11/05/2026;13:00:00;184655,00;184660,00;184040,00;184495,00;5,849905323E10;1586575
WINM26;11/05/2026;12:00:00;184965,00;185055,00;184525,00;184655,00;6,274387202E10;1698064
WINM26;11/05/2026;11:00:00;185650,00;185755,00;184840,00;184965,00;1,127162605E11;3043938
WINM26;11/05/2026;10:00:00;185920,00;186955,00;185460,00;185655,00;1,63129957E11;4379078
WINM26;11/05/2026;09:00:00;187400,00;187400,00;185670,00;185920,00;1,014019271E11;2725455
WINM26;08/05/2026;18:00:00;187000,00;187190,00;186855,00;187190,00;5874204545,00;157064
WINM26;08/05/2026;17:00:00;186925,00;187130,00;186635,00;186995,00;2,288906952E10;612569
WINM26;08/05/2026;16:00:00;187180,00;187305,00;186700,00;186925,00;3,919068468E10;1048136
WINM26;08/05/2026;15:00:00;187085,00;187485,00;187005,00;187175,00;4,388012908E10;1171726
WINM26;08/05/2026;14:00:00;187145,00;187320,00;186890,00;187080,00;4,233971E10;1131323
WINM26;08/05/2026;13:00:00;187100,00;187515,00;187090,00;187140,00;4,41566607E10;1178713
WINM26;08/05/2026;12:00:00;187590,00;187650,00;187005,00;187105,00;6,002915289E10;1602588
WINM26;08/05/2026;11:00:00;187595,00;188065,00;187035,00;187590,00;1,023961883E11;2730148
WINM26;08/05/2026;10:00:00;187730,00;188255,00;187210,00;187595,00;1,511296444E11;4024618
WINM26;08/05/2026;09:00:00;186000,00;187850,00;185800,00;187730,00;1,155211293E11;3089496
WINM26;07/05/2026;18:00:00;185500,00;185525,00;185180,00;185260,00;6482412111,00;174863
WINM26;07/05/2026;17:00:00;185605,00;185840,00;185360,00;185495,00;2,694938228E10;725988
WINM26;07/05/2026;16:00:00;186060,00;186115,00;185385,00;185605,00;4,932894252E10;1327318
WINM26;07/05/2026;15:00:00;186145,00;186380,00;185815,00;186065,00;6,154090217E10;1653809
WINM26;07/05/2026;14:00:00;186250,00;186440,00;185430,00;186145,00;8,334773962E10;2240794
WINM26;07/05/2026;13:00:00;186485,00;186765,00;186160,00;186250,00;5,821206822E10;1560604
WINM26;07/05/2026;12:00:00;186950,00;187230,00;186360,00;186490,00;7,469108221E10;1999450
WINM26;07/05/2026;11:00:00;186585,00;187045,00;186280,00;186950,00;9,616547623E10;2575737
WINM26;07/05/2026;10:00:00;189625,00;189685,00;186430,00;186590,00;1,787362359E11;4753279
WINM26;07/05/2026;09:00:00;190300,00;190575,00;189200,00;189625,00;1,140722706E11;3008115
WINM26;06/05/2026;18:00:00;190000,00;190080,00;189955,00;190000,00;4540558356,00;119480
WINM26;06/05/2026;17:00:00;190590,00;190660,00;189870,00;190000,00;2,788317476E10;732925
WINM26;06/05/2026;16:00:00;190720,00;191010,00;190435,00;190590,00;5,338289843E10;1399342
WINM26;06/05/2026;15:00:00;190300,00;190740,00;190230,00;190715,00;4,088582023E10;1073529
WINM26;06/05/2026;14:00:00;190545,00;191010,00;190145,00;190305,00;5,215260078E10;1368312
WINM26;06/05/2026;13:00:00;190710,00;191115,00;190440,00;190540,00;5,582029496E10;1462678
WINM26;06/05/2026;12:00:00;190490,00;190940,00;190195,00;190710,00;6,453714942E10;1692560
WINM26;06/05/2026;11:00:00;190195,00;191130,00;189635,00;190485,00;1,209650884E11;3180161
WINM26;06/05/2026;10:00:00;191390,00;191530,00;190145,00;190200,00;1,622271999E11;4247420
WINM26;06/05/2026;09:00:00;191440,00;192560,00;191000,00;191390,00;1,318385359E11;3438302
WINM26;05/05/2026;18:00:00;189465,00;189615,00;189345,00;189400,00;5728152821,00;151154
WINM26;05/05/2026;17:00:00;189360,00;189650,00;189340,00;189465,00;2,049674917E10;540793
WINM26;05/05/2026;16:00:00;189655,00;189725,00;189300,00;189350,00;3,939423234E10;1039062
WINM26;05/05/2026;15:00:00;189315,00;189730,00;189275,00;189660,00;4,791028769E10;1263766
WINM26;05/05/2026;14:00:00;189370,00;189495,00;189040,00;189315,00;5,636463371E10;1488763
WINM26;05/05/2026;13:00:00;190155,00;190245,00;189320,00;189370,00;4,776726304E10;1257664
WINM26;05/05/2026;12:00:00;189340,00;190225,00;189065,00;190150,00;6,986423251E10;1841520
WINM26;05/05/2026;11:00:00;189010,00;189450,00;188600,00;189335,00;1,006524569E11;2661825
WINM26;05/05/2026;10:00:00;188155,00;189375,00;188080,00;189010,00;1,626398066E11;4306001
WINM26;05/05/2026;09:00:00;189525,00;189600,00;188040,00;188155,00;1,026043209E11;2722277
WINM26;04/05/2026;18:00:00;188350,00;188580,00;188335,00;188580,00;6622742318,00;175682
WINM26;04/05/2026;17:00:00;188380,00;188485,00;188195,00;188355,00;2,038779098E10;541272
WINM26;04/05/2026;16:00:00;188615,00;188790,00;188355,00;188380,00;4,403513576E10;1167391
WINM26;04/05/2026;15:00:00;188605,00;188815,00;188390,00;188620,00;4,885239223E10;1295243
WINM26;04/05/2026;14:00:00;188490,00;188895,00;188395,00;188610,00;4,949619768E10;1311851
WINM26;04/05/2026;13:00:00;189025,00;189175,00;188415,00;188485,00;6,631717634E10;1755866
WINM26;04/05/2026;12:00:00;189630,00;189975,00;188760,00;189030,00;9,559445935E10;2525106
WINM26;04/05/2026;11:00:00;189930,00;190440,00;189545,00;189630,00;9,667913109E10;2543265
WINM26;04/05/2026;10:00:00;190280,00;190700,00;189685,00;189930,00;1,299649508E11;3417210
WINM26;04/05/2026;09:00:00;189490,00;190870,00;189490,00;190285,00;1,074268685E11;2822334
WINM26;30/04/2026;18:00:00;190130,00;190215,00;189960,00;189980,00;5213860222,00;137153
WINM26;30/04/2026;17:00:00;190720,00;190780,00;190100,00;190135,00;3,124490586E10;820478
WINM26;30/04/2026;16:00:00;190685,00;191035,00;190670,00;190715,00;4,526923857E10;1185761
WINM26;30/04/2026;15:00:00;190370,00;190775,00;190360,00;190690,00;3,756615274E10;985457
WINM26;30/04/2026;14:00:00;190130,00;190535,00;190120,00;190365,00;4,350768391E10;1142786
WINM26;30/04/2026;13:00:00;190185,00;190325,00;189870,00;190130,00;4,4794282E10;1177911
WINM26;30/04/2026;12:00:00;190010,00;190350,00;189805,00;190180,00;5,574224756E10;1466203
WINM26;30/04/2026;11:00:00;189860,00;190310,00;189315,00;190010,00;1,051192358E11;2768130
WINM26;30/04/2026;10:00:00;188905,00;189990,00;188810,00;189865,00;1,241128231E11;3276322
WINM26;30/04/2026;09:00:00;188500,00;189225,00;188305,00;188910,00;8,673555522E10;2295935
WINM26;29/04/2026;18:00:00;187255,00;187265,00;186865,00;186900,00;7401412953,00;197842
WINM26;29/04/2026;17:00:00;187725,00;187905,00;187200,00;187260,00;3,46564918E10;924047
WINM26;29/04/2026;16:00:00;188205,00;188265,00;187495,00;187720,00;5,439879948E10;1447518
WINM26;29/04/2026;15:00:00;188775,00;188805,00;187880,00;188210,00;7,590618389E10;2015962
WINM26;29/04/2026;14:00:00;188870,00;188950,00;188510,00;188775,00;4,386151641E10;1161759
WINM26;29/04/2026;13:00:00;188925,00;189155,00;188755,00;188870,00;4,708538865E10;1246072
WINM26;29/04/2026;12:00:00;189930,00;189985,00;188685,00;188925,00;8,548487463E10;2257521
WINM26;29/04/2026;11:00:00;189560,00;189940,00;189300,00;189930,00;8,349206935E10;2201664
WINM26;29/04/2026;10:00:00;190705,00;190800,00;189480,00;189555,00;1,346155616E11;3538601
WINM26;29/04/2026;09:00:00;191670,00;191695,00;190640,00;190705,00;8,787377934E10;2299512
WINM26;28/04/2026;18:00:00;191895,00;191940,00;191645,00;191890,00;6974164943,00;181786
WINM26;28/04/2026;17:00:00;191825,00;191960,00;191765,00;191895,00;1,950172795E10;508213
WINM26;28/04/2026;16:00:00;191800,00;192005,00;191670,00;191820,00;3,980150241E10;1037423
WINM26;28/04/2026;15:00:00;192070,00;192180,00;191745,00;191800,00;4,9668093E10;1293702
WINM26;28/04/2026;14:00:00;191990,00;192310,00;191735,00;192070,00;5,006819869E10;1303623
WINM26;28/04/2026;13:00:00;191820,00;192095,00;191635,00;191990,00;4,67376986E10;1218353
WINM26;28/04/2026;12:00:00;191080,00;191860,00;191065,00;191815,00;7,046126682E10;1839520
WINM26;28/04/2026;11:00:00;191445,00;191790,00;190640,00;191085,00;1,131371355E11;2958286
WINM26;28/04/2026;10:00:00;191455,00;191915,00;190550,00;191450,00;1,449139154E11;3790106
WINM26;28/04/2026;09:00:00;192075,00;192195,00;191210,00;191455,00;1,050213917E11;2741986
WINM26;27/04/2026;18:00:00;192790,00;192845,00;192600,00;192755,00;5393518661,00;139900
WINM26;27/04/2026;17:00:00;192970,00;193025,00;192745,00;192790,00;2,173493816E10;563358
WINM26;27/04/2026;16:00:00;193360,00;193450,00;192930,00;192965,00;4,554848417E10;1178900
WINM26;27/04/2026;15:00:00;193595,00;193760,00;193310,00;193360,00;4,127060872E10;1066069
WINM26;27/04/2026;14:00:00;193370,00;193715,00;193085,00;193595,00;5,445785907E10;1407925
WINM26;27/04/2026;13:00:00;193815,00;193825,00;193250,00;193370,00;4,697813552E10;1213352
WINM26;27/04/2026;12:00:00;193520,00;193850,00;193335,00;193815,00;6,403515519E10;1654014
WINM26;27/04/2026;11:00:00;194435,00;194725,00;193440,00;193515,00;9,548831225E10;2458633
WINM26;27/04/2026;10:00:00;194485,00;194800,00;193835,00;194435,00;1,49642784E11;3849852
WINM26;27/04/2026;09:00:00;194760,00;195245,00;194315,00;194485,00;9,418143879E10;2419111
WINM26;24/04/2026;18:00:00;194345,00;194565,00;194320,00;194355,00;5016433101,00;129014
WINM26;24/04/2026;17:00:00;194160,00;194440,00;194110,00;194350,00;2,215136567E10;570084
WINM26;24/04/2026;16:00:00;194195,00;194295,00;193845,00;194165,00;4,318114856E10;1112743
WINM26;24/04/2026;15:00:00;193855,00;194240,00;193630,00;194195,00;4,393716668E10;1132912
WINM26;24/04/2026;14:00:00;193690,00;194065,00;193485,00;193860,00;4,512177961E10;1164406
WINM26;24/04/2026;13:00:00;194045,00;194065,00;193430,00;193690,00;4,900506086E10;1265117
WINM26;24/04/2026;12:00:00;193775,00;194250,00;193520,00;194045,00;7,131426044E10;1839246
WINM26;24/04/2026;11:00:00;194660,00;194675,00;193440,00;193775,00;1,037531915E11;2672385
WINM26;24/04/2026;10:00:00;194645,00;195025,00;193550,00;194655,00;1,472045763E11;3787989
WINM26;24/04/2026;09:00:00;195330,00;195430,00;194135,00;194640,00;1,003534973E11;2576098
WINM26;23/04/2026;18:00:00;194875,00;194875,00;194520,00;194520,00;6463909120,00;166006
WINM26;23/04/2026;17:00:00;195155,00;195185,00;194740,00;194870,00;2,134019203E10;547309
WINM26;23/04/2026;16:00:00;195570,00;195620,00;194905,00;195155,00;5,482241169E10;1403910
WINM26;23/04/2026;15:00:00;195515,00;195930,00;195425,00;195575,00;6,680821266E10;1707131
WINM26;23/04/2026;14:00:00;196200,00;196250,00;194425,00;195515,00;1,432037544E11;3667441
WINM26;23/04/2026;13:00:00;195740,00;196420,00;195420,00;196200,00;6,224737975E10;1588362
WINM26;23/04/2026;12:00:00;195980,00;196310,00;195640,00;195740,00;6,966424638E10;1777778
WINM26;23/04/2026;11:00:00;196160,00;196480,00;195780,00;195975,00;9,655007784E10;2461457
WINM26;23/04/2026;10:00:00;196385,00;197040,00;195620,00;196160,00;1,454904059E11;3702777
WINM26;23/04/2026;09:00:00;196275,00;196630,00;195965,00;196385,00;9,206342721E10;2343946
WINM26;22/04/2026;18:00:00;196490,00;196515,00;196120,00;196135,00;9022041524,00;229750
WINM26;22/04/2026;17:00:00;196605,00;196705,00;196430,00;196490,00;2,061734828E10;524335
WINM26;22/04/2026;16:00:00;196690,00;196765,00;196365,00;196605,00;5,139430095E10;1307369
WINM26;22/04/2026;15:00:00;196735,00;196960,00;196575,00;196690,00;3,865141599E10;982224
WINM26;22/04/2026;14:00:00;196745,00;197065,00;196580,00;196740,00;5,359161478E10;1361334
WINM26;22/04/2026;13:00:00;197410,00;197510,00;196540,00;196745,00;6,475665397E10;1644075
WINM26;22/04/2026;12:00:00;197465,00;197530,00;196990,00;197410,00;5,895768402E10;1494473
WINM26;22/04/2026;11:00:00;198615,00;198865,00;197020,00;197470,00;1,148250897E11;2902301
WINM26;22/04/2026;10:00:00;198950,00;199765,00;198000,00;198610,00;1,573592872E11;3954554
WINM26;22/04/2026;09:00:00;200550,00;200660,00;198590,00;198950,00;1,349527686E11;3386834
WINM26;20/04/2026;18:00:00;200135,00;200430,00;200115,00;200430,00;4127255976,00;103054
WINM26;20/04/2026;17:00:00;200280,00;200305,00;200040,00;200135,00;1,759636116E10;439597
WINM26;20/04/2026;16:00:00;200090,00;200345,00;199930,00;200280,00;3,974492686E10;992914
WINM26;20/04/2026;15:00:00;200055,00;200385,00;200000,00;200095,00;4,171640446E10;1041869
WINM26;20/04/2026;14:00:00;200270,00;200455,00;199885,00;200055,00;4,606789553E10;1150983
WINM26;20/04/2026;13:00:00;200655,00;200785,00;200255,00;200275,00;4,288140104E10;1069008
WINM26;20/04/2026;12:00:00;200215,00;200740,00;199940,00;200655,00;6,256101843E10;1560938
WINM26;20/04/2026;11:00:00;199830,00;200580,00;199175,00;200210,00;1,109151819E11;2773336
WINM26;20/04/2026;10:00:00;200180,00;200745,00;199490,00;199830,00;1,424480815E11;3559148
WINM26;20/04/2026;09:00:00;199660,00;200300,00;199290,00;200180,00;8,874268029E10;2219128
WINM26;17/04/2026;18:00:00;199910,00;199960,00;199500,00;199650,00;6725914711,00;168340
WINM26;17/04/2026;17:00:00;199605,00;200220,00;199600,00;199910,00;2,879414934E10;719995
WINM26;17/04/2026;16:00:00;199765,00;199985,00;199580,00;199605,00;4,725080738E10;1182487
WINM26;17/04/2026;15:00:00;200485,00;200505,00;199345,00;199770,00;5,896214069E10;1474067
WINM26;17/04/2026;14:00:00;200485,00;200620,00;200115,00;200485,00;5,636620984E10;1406242
WINM26;17/04/2026;13:00:00;200265,00;200590,00;200075,00;200490,00;4,722445803E10;1178525
WINM26;17/04/2026;12:00:00;200130,00;200550,00;199780,00;200270,00;7,336623338E10;1832059
WINM26;17/04/2026;11:00:00;201745,00;201765,00;199565,00;200130,00;1,289799956E11;3212450
WINM26;17/04/2026;10:00:00;202960,00;203470,00;201270,00;201745,00;1,633768907E11;4040178
WINM26;17/04/2026;09:00:00;201525,00;203195,00;201165,00;202955,00;1,259772975E11;3117587
WINM26;16/04/2026;18:00:00;200925,00;200970,00;200705,00;200750,00;4922332045,00;122532
WINM26;16/04/2026;17:00:00;200930,00;201140,00;200820,00;200930,00;1,914452831E10;476334
WINM26;16/04/2026;16:00:00;200660,00;201025,00;200640,00;200930,00;4,034557713E10;1004354
WINM26;16/04/2026;15:00:00;200760,00;201075,00;200535,00;200660,00;5,285066556E10;1315764
WINM26;16/04/2026;14:00:00;201140,00;201175,00;200600,00;200765,00;4,922746491E10;1225184
WINM26;16/04/2026;13:00:00;201485,00;201655,00;200885,00;201140,00;5,48190318E10;1361580
WINM26;16/04/2026;12:00:00;200800,00;201560,00;200785,00;201480,00;7,275347323E10;1808147
WINM26;16/04/2026;11:00:00;201545,00;201770,00;200640,00;200805,00;1,079909359E11;2685287
WINM26;16/04/2026;10:00:00;202785,00;202835,00;201360,00;201545,00;1,583165925E11;3915190
WINM26;16/04/2026;09:00:00;202065,00;202975,00;202005,00;202785,00;1,121934327E11;2770958
WINM26;15/04/2026;18:00:00;201820,00;201930,00;201720,00;201720,00;4746878877,00;117599
WINM26;15/04/2026;17:00:00;201810,00;202000,00;201715,00;201815,00;2,512197572E10;622194
WINM26;15/04/2026;16:00:00;202275,00;202320,00;201605,00;201810,00;4,803591632E10;1189361
WINM26;15/04/2026;15:00:00;201670,00;202500,00;201475,00;202275,00;5,863319389E10;1451121
WINM26;15/04/2026;14:00:00;201450,00;201750,00;201350,00;201670,00;4,547571237E10;1128133
WINM26;15/04/2026;13:00:00;201655,00;201800,00;201210,00;201445,00;4,587858919E10;1138256
WINM26;15/04/2026;12:00:00;201900,00;202195,00;201515,00;201655,00;5,489150806E10;1359690
WINM26;15/04/2026;11:00:00;202635,00;202770,00;201635,00;201900,00;8,474242419E10;2096819
WINM26;15/04/2026;10:00:00;202235,00;203495,00;201870,00;202630,00;1,481723457E11;3655558
WINM26;15/04/2026;09:00:00;202885,00;203005,00;201860,00;202235,00;9,15076427E10;2262453
WINM26;14/04/2026;18:00:00;202945,00;203050,00;202705,00;202710,00;238304623,00;5873
WINM26;14/04/2026;17:00:00;203280,00;203320,00;202830,00;202945,00;2403024865,00;59178
WINM26;14/04/2026;16:00:00;202965,00;203400,00;202960,00;203285,00;2720280203,00;66923
WINM26;14/04/2026;15:00:00;203030,00;203200,00;202715,00;202955,00;2094608372,00;51596
WINM26;14/04/2026;14:00:00;202995,00;203410,00;202925,00;203020,00;2791106961,00;68687
WINM26;14/04/2026;13:00:00;202815,00;203115,00;202695,00;202995,00;2366857968,00;58329
WINM26;14/04/2026;12:00:00;203070,00;203255,00;202665,00;202810,00;3266787574,00;80492
WINM26;14/04/2026;11:00:00;203545,00;203795,00;203060,00;203080,00;3890258832,00;95643
WINM26;14/04/2026;10:00:00;202930,00;203645,00;202385,00;203540,00;6668728612,00;164255
WINM26;14/04/2026;09:00:00;202750,00;203390,00;202335,00;202930,00;4472027668,00;110293
WINM26;13/04/2026;18:00:00;202410,00;202450,00;202150,00;202150,00;37067783,00;916
WINM26;13/04/2026;17:00:00;202545,00;202605,00;202190,00;202385,00;447647355,00;11060
WINM26;13/04/2026;16:00:00;202420,00;202670,00;202255,00;202540,00;917703417,00;22657
WINM26;13/04/2026;15:00:00;202390,00;202565,00;202065,00;202410,00;1206831794,00;29823
WINM26;13/04/2026;14:00:00;201605,00;202455,00;201555,00;202385,00;804799326,00;19907
WINM26;13/04/2026;13:00:00;201015,00;201845,00;201005,00;201595,00;979524899,00;24304
WINM26;13/04/2026;12:00:00;201075,00;201085,00;200570,00;201025,00;632087183,00;15735
WINM26;13/04/2026;11:00:00;201105,00;201365,00;200905,00;201075,00;869968738,00;21628
WINM26;13/04/2026;10:00:00;200945,00;201595,00;200635,00;201120,00;1520497497,00;37798
WINM26;13/04/2026;09:00:00;201415,00;201445,00;200500,00;200940,00;1520587379,00;37840
WINM26;10/04/2026;18:00:00;202075,00;202550,00;201950,00;202550,00;118875606,00;2938
WINM26;10/04/2026;17:00:00;201790,00;202110,00;201625,00;202050,00;88896761,00;2201
WINM26;10/04/2026;16:00:00;201390,00;201865,00;201390,00;201770,00;188546309,00;4676
WINM26;10/04/2026;15:00:00;201155,00;201780,00;200870,00;201395,00;272130226,00;6758
WINM26;10/04/2026;14:00:00;201105,00;201190,00;200780,00;201155,00;210003302,00;5225
WINM26;10/04/2026;13:00:00;201000,00;201340,00;200825,00;201100,00;217426570,00;5408
WINM26;10/04/2026;12:00:00;201315,00;201805,00;200860,00;200990,00;406124572,00;10082
WINM26;10/04/2026;11:00:00;202060,00;202175,00;201225,00;201325,00;574127943,00;14228
WINM26;10/04/2026;10:00:00;200435,00;202100,00;200345,00;202065,00;812902096,00;20216
WINM26;10/04/2026;09:00:00;199965,00;200575,00;199615,00;200460,00;544932913,00;13615
WINM26;09/04/2026;18:00:00;200010,00;200185,00;199955,00;200165,00;59378019,00;1484
WINM26;09/04/2026;17:00:00;199835,00;200060,00;199760,00;200015,00;143765487,00;3596
WINM26;09/04/2026;16:00:00;199665,00;200075,00;199560,00;199830,00;98607209,00;2467
WINM26;09/04/2026;15:00:00;199775,00;199830,00;199260,00;199660,00;113777991,00;2851
WINM26;09/04/2026;14:00:00;199545,00;200065,00;199440,00;199760,00;122146554,00;3057
WINM26;09/04/2026;13:00:00;199505,00;199670,00;199245,00;199485,00;103238651,00;2588
WINM26;09/04/2026;12:00:00;198745,00;199970,00;198400,00;199495,00;297370380,00;7456
WINM26;09/04/2026;11:00:00;198760,00;199005,00;198000,00;198745,00;281253899,00;7085
WINM26;09/04/2026;10:00:00;197850,00;199170,00;197420,00;198765,00;332998727,00;8393
WINM26;09/04/2026;09:00:00;196195,00;197890,00;196165,00;197835,00;289196389,00;7329
WINM26;08/04/2026;18:00:00;197000,00;197020,00;196600,00;196600,00;12400345,00;315
WINM26;08/04/2026;17:00:00;196910,00;197150,00;196760,00;197000,00;67987409,00;1726
WINM26;08/04/2026;16:00:00;196295,00;197100,00;196145,00;196945,00;81588649,00;2075
WINM26;08/04/2026;15:00:00;196980,00;197260,00;196260,00;196295,00;59748058,00;1520
WINM26;08/04/2026;14:00:00;197210,00;197390,00;196725,00;197005,00;166882954,00;4233
WINM26;08/04/2026;13:00:00;196685,00;197220,00;196330,00;197125,00;37494155,00;953
WINM26;08/04/2026;12:00:00;196060,00;196800,00;196040,00;196700,00;80378381,00;2046
WINM26;08/04/2026;11:00:00;196265,00;196700,00;195610,00;195975,00;163699814,00;4174
WINM26;08/04/2026;10:00:00;198765,00;199410,00;196120,00;196235,00;344436872,00;8716
WINM26;08/04/2026;09:00:00;198125,00;198925,00;197465,00;198800,00;297783629,00;7516
WINM26;07/04/2026;18:00:00;193175,00;193420,00;193035,00;193260,00;12175613,00;315
WINM26;07/04/2026;17:00:00;192590,00;193385,00;192590,00;193230,00;42296078,00;1096
WINM26;07/04/2026;16:00:00;191400,00;192735,00;191115,00;192620,00;79486203,00;2068
WINM26;07/04/2026;15:00:00;191960,00;192100,00;191150,00;191375,00;16443730,00;429
WINM26;07/04/2026;14:00:00;191725,00;192450,00;191685,00;191955,00;40716557,00;1060
WINM26;07/04/2026;13:00:00;191480,00;192000,00;191475,00;191725,00;26774032,00;698
WINM26;07/04/2026;12:00:00;191340,00;191635,00;190690,00;191430,00;68491585,00;1791
WINM26;07/04/2026;11:00:00;190680,00;192050,00;190310,00;191340,00;110022196,00;2878
WINM26;07/04/2026;10:00:00;191640,00;192205,00;190500,00;190730,00;118979339,00;3106
WINM26;07/04/2026;09:00:00;192095,00;192765,00;191160,00;191615,00;109173558,00;2846
WINM26;06/04/2026;18:00:00;192850,00;192930,00;192650,00;192765,00;4780782,00;124
WINM26;06/04/2026;17:00:00;193000,00;193000,00;192700,00;192760,00;10103840,00;262
WINM26;06/04/2026;16:00:00;192860,00;193100,00;192665,00;192980,00;17474010,00;453
WINM26;06/04/2026;15:00:00;192415,00;193050,00;192340,00;192880,00;28911184,00;750
WINM26;06/04/2026;14:00:00;192930,00;193000,00;192420,00;192565,00;65839449,00;1709
WINM26;06/04/2026;13:00:00;192950,00;193320,00;192800,00;192975,00;14635392,00;379
WINM26;06/04/2026;12:00:00;192900,00;193220,00;192450,00;193080,00;37297124,00;967
WINM26;06/04/2026;11:00:00;193400,00;193810,00;192765,00;192900,00;87992169,00;2277
WINM26;06/04/2026;10:00:00;193285,00;193910,00;192200,00;193510,00;188489868,00;4877
WINM26;06/04/2026;09:00:00;192900,00;193800,00;192600,00;193250,00;112041701,00;2897
WINM26;02/04/2026;18:00:00;192485,00;192580,00;192310,00;192400,00;16630195,00;432
WINM26;02/04/2026;17:00:00;192630,00;192760,00;192370,00;192435,00;36079929,00;937
WINM26;02/04/2026;16:00:00;192415,00;192860,00;192290,00;192625,00;94755129,00;2460
WINM26;02/04/2026;15:00:00;192120,00;192565,00;191880,00;192330,00;54004428,00;1405
WINM26;02/04/2026;14:00:00;192200,00;192575,00;191800,00;192070,00;68691650,00;1787
WINM26;02/04/2026;13:00:00;192890,00;192980,00;192020,00;192250,00;93409535,00;2427
WINM26;02/04/2026;12:00:00;192800,00;194030,00;192680,00;192860,00;106364604,00;2750
WINM26;02/04/2026;11:00:00;191700,00;193570,00;191415,00;192945,00;187587275,00;4869
WINM26;02/04/2026;10:00:00;189565,00;191750,00;189280,00;191545,00;114648507,00;3013
WINM26;02/04/2026;09:00:00;190100,00;190400,00;189340,00;189710,00;202249993,00;5327
WINM26;01/04/2026;18:00:00;192735,00;192920,00;192585,00;192600,00;5398603,00;140
WINM26;01/04/2026;17:00:00;192800,00;192840,00;192515,00;192615,00;18150577,00;471
WINM26;01/04/2026;16:00:00;192505,00;193250,00;192325,00;192740,00;63598801,00;1650
WINM26;01/04/2026;15:00:00;193455,00;193505,00;192395,00;192580,00;113714325,00;2949
WINM26;01/04/2026;14:00:00;193760,00;194020,00;193390,00;193410,00;55591011,00;1435
WINM26;01/04/2026;13:00:00;193355,00;193900,00;193015,00;193745,00;64377989,00;1664
WINM26;01/04/2026;12:00:00;193270,00;193745,00;192960,00;193370,00;89073988,00;2303
WINM26;01/04/2026;11:00:00;192880,00;193270,00;192020,00;193225,00;137325452,00;3566
WINM26;01/04/2026;10:00:00;193225,00;193855,00;192705,00;192955,00;134284804,00;3476
WINM26;01/04/2026;09:00:00;193900,00;194300,00;193005,00;193135,00;301180498,00;7781
WINM26;31/03/2026;18:00:00;192435,00;192990,00;192245,00;192790,00;15337521,00;398
WINM26;31/03/2026;17:00:00;192540,00;192810,00;192300,00;192510,00;61908533,00;1607
WINM26;31/03/2026;16:00:00;192095,00;192560,00;191775,00;192500,00;226330169,00;5888
WINM26;31/03/2026;15:00:00;191685,00;192435,00;191685,00;192125,00;38317206,00;997
WINM26;31/03/2026;14:00:00;191795,00;192335,00;191550,00;191615,00;40703992,00;1060
WINM26;31/03/2026;13:00:00;189995,00;192200,00;189935,00;191735,00;132972357,00;3475
WINM26;31/03/2026;12:00:00;189350,00;190520,00;189350,00;190040,00;37050226,00;975
WINM26;31/03/2026;11:00:00;191010,00;191320,00;189220,00;189325,00;89108852,00;2342
WINM26;31/03/2026;10:00:00;190430,00;191270,00;189780,00;190985,00;104236648,00;2735
WINM26;31/03/2026;09:00:00;188800,00;190885,00;188785,00;190315,00;72755341,00;1913
WINM26;30/03/2026;18:00:00;187410,00;187525,00;187125,00;187125,00;7529353,00;201
WINM26;30/03/2026;17:00:00;187490,00;187675,00;187190,00;187520,00;18068785,00;482
WINM26;30/03/2026;16:00:00;187155,00;187550,00;186690,00;187505,00;24585823,00;657
WINM26;30/03/2026;15:00:00;187555,00;187750,00;187025,00;187160,00;26317414,00;702
WINM26;30/03/2026;14:00:00;188350,00;188485,00;187255,00;187595,00;77066500,00;2053
WINM26;30/03/2026;13:00:00;189085,00;189085,00;188190,00;188295,00;22782316,00;604
WINM26;30/03/2026;12:00:00;188895,00;189335,00;188440,00;189075,00;45251039,00;1197
WINM26;30/03/2026;11:00:00;187520,00;188980,00;187505,00;188935,00;65387896,00;1739
WINM26;30/03/2026;10:00:00;188045,00;188820,00;187245,00;187470,00;228050627,00;6057
WINM26;30/03/2026;09:00:00;186700,00;188100,00;185820,00;187990,00;69525756,00;1858
WINM26;27/03/2026;18:00:00;186190,00;186250,00;185885,00;185885,00;5357376,00;144
WINM26;27/03/2026;17:00:00;186290,00;186645,00;185945,00;186215,00;23296980,00;625
WINM26;27/03/2026;16:00:00;186360,00;186450,00;185890,00;186345,00;10573661,00;284
WINM26;27/03/2026;15:00:00;186450,00;186505,00;186090,00;186380,00;11848754,00;318
WINM26;27/03/2026;14:00:00;187260,00;187300,00;186410,00;186475,00;20995525,00;562
WINM26;27/03/2026;13:00:00;187705,00;187835,00;187115,00;187330,00;13160874,00;351
WINM26;27/03/2026;12:00:00;187790,00;188485,00;187650,00;187700,00;73033575,00;1942
WINM26;27/03/2026;11:00:00;186650,00;187800,00;186650,00;187760,00;20666633,00;552
WINM26;27/03/2026;10:00:00;187060,00;187350,00;186100,00;186740,00;50863308,00;1363
WINM26;27/03/2026;09:00:00;187270,00;187615,00;186530,00;187205,00;97868444,00;2617
WINM26;26/03/2026;18:00:00;188130,00;188280,00;188015,00;188055,00;4967285,00;132
WINM26;26/03/2026;17:00:00;187600,00;189690,00;187600,00;188120,00;68673056,00;1820
WINM26;26/03/2026;16:00:00;188375,00;188375,00;187580,00;187605,00;31623534,00;842
WINM26;26/03/2026;15:00:00;187810,00;188370,00;187755,00;188305,00;11471794,00;305
WINM26;26/03/2026;14:00:00;188545,00;188700,00;187715,00;187815,00;56184603,00;1494
WINM26;26/03/2026;13:00:00;189200,00;189260,00;188090,00;188495,00;27784182,00;737
WINM26;26/03/2026;12:00:00;189450,00;189540,00;188950,00;189250,00;11277952,00;298
WINM26;26/03/2026;11:00:00;189650,00;190185,00;188490,00;189415,00;47495387,00;1254
WINM26;26/03/2026;10:00:00;188440,00;189875,00;188350,00;189600,00;48669528,00;1287
WINM26;26/03/2026;09:00:00;188695,00;189200,00;187820,00;188440,00;98281385,00;2610
WINM26;25/03/2026;18:00:00;190800,00;190800,00;190425,00;190635,00;5071236,00;133
WINM26;25/03/2026;17:00:00;190750,00;191035,00;190500,00;190845,00;29238010,00;766
WINM26;25/03/2026;16:00:00;190595,00;190720,00;190110,00;190695,00;24223973,00;636
WINM26;25/03/2026;15:00:00;190760,00;191440,00;190150,00;190625,00;38678474,00;1013
WINM26;25/03/2026;14:00:00;190745,00;191255,00;190470,00;190750,00;36671812,00;961
WINM26;25/03/2026;13:00:00;190755,00;191120,00;190080,00;190745,00;47556704,00;1247
WINM26;25/03/2026;12:00:00;191180,00;191245,00;189900,00;190740,00;38269994,00;1004
WINM26;25/03/2026;11:00:00;190200,00;191675,00;189810,00;191185,00;68038518,00;1783
WINM26;25/03/2026;10:00:00;190280,00;191085,00;189380,00;190190,00;57357574,00;1508
WINM26;25/03/2026;09:00:00;190700,00;191355,00;189385,00;190275,00;65908392,00;1732
WINM26;24/03/2026;18:00:00;189400,00;189935,00;189320,00;189585,00;19696202,00;519
WINM26;24/03/2026;17:00:00;187690,00;190600,00;187690,00;189440,00;60919566,00;1607
WINM26;24/03/2026;16:00:00;187275,00;187920,00;187275,00;187685,00;24546391,00;654
WINM26;24/03/2026;15:00:00;186760,00;187525,00;186600,00;187270,00;22735933,00;608
WINM26;24/03/2026;14:00:00;186920,00;187010,00;186065,00;186775,00;32591721,00;874
WINM26;24/03/2026;13:00:00;187115,00;187365,00;186785,00;186980,00;16572542,00;443
WINM26;24/03/2026;12:00:00;187200,00;187875,00;186980,00;187155,00;13645573,00;364
WINM26;24/03/2026;11:00:00;186120,00;187700,00;186095,00;187030,00;53821712,00;1440
WINM26;24/03/2026;10:00:00;186330,00;186530,00;185035,00;186140,00;53515877,00;1440
WINM26;24/03/2026;09:00:00;187500,00;187510,00;186175,00;186325,00;80423458,00;2154
WINM26;23/03/2026;18:00:00;188095,00;188135,00;187745,00;187995,00;23265849,00;619
WINM26;23/03/2026;17:00:00;187580,00;188200,00;187315,00;188085,00;35588293,00;947
WINM26;23/03/2026;16:00:00;188040,00;188100,00;187390,00;187620,00;45768174,00;1219
WINM26;23/03/2026;15:00:00;187405,00;188425,00;186485,00;188020,00;150057291,00;4000
WINM26;23/03/2026;14:00:00;186850,00;187800,00;186625,00;187400,00;49514662,00;1323
WINM26;23/03/2026;13:00:00;186680,00;187255,00;186220,00;186840,00;54648468,00;1463
WINM26;23/03/2026;12:00:00;187875,00;188230,00;186550,00;186655,00;108723164,00;2904
WINM26;23/03/2026;11:00:00;186545,00;188120,00;186545,00;187850,00;133035947,00;3546
WINM26;23/03/2026;10:00:00;184500,00;186580,00;183830,00;186580,00;163663740,00;4423
WINM26;23/03/2026;09:00:00;183445,00;184605,00;181750,00;184450,00;192713327,00;5259
WINM26;20/03/2026;18:00:00;181600,00;183515,00;181600,00;183000,00;13946528,00;382
WINM26;20/03/2026;17:00:00;180935,00;181890,00;180800,00;181775,00;20929900,00;577
WINM26;20/03/2026;16:00:00;180595,00;181020,00;180135,00;180940,00;54095559,00;1497
WINM26;20/03/2026;15:00:00;181500,00;181645,00;180180,00;180535,00;108628873,00;3006
WINM26;20/03/2026;14:00:00;181810,00;181870,00;181060,00;181475,00;61107843,00;1684
WINM26;20/03/2026;13:00:00;182065,00;182350,00;181590,00;181965,00;12818893,00;352
WINM26;20/03/2026;12:00:00;182295,00;182900,00;181980,00;182120,00;33637412,00;922
WINM26;20/03/2026;11:00:00;182605,00;182725,00;181425,00;182240,00;114610977,00;3146
WINM26;20/03/2026;10:00:00;184730,00;184920,00;182310,00;182645,00;103159715,00;2810
WINM26;20/03/2026;09:00:00;184500,00;185350,00;183905,00;184665,00;32042455,00;868
WINM26;19/03/2026;18:00:00;186105,00;186125,00;185725,00;185850,00;6356593,00;171
WINM26;19/03/2026;17:00:00;185545,00;186420,00;185475,00;186000,00;46756081,00;1257
WINM26;19/03/2026;16:00:00;184955,00;187015,00;184935,00;185545,00;100890217,00;2713
WINM26;19/03/2026;15:00:00;183925,00;185000,00;183835,00;184925,00;31331241,00;850
WINM26;19/03/2026;14:00:00;184005,00;184410,00;183600,00;183960,00;19845537,00;539
WINM26;19/03/2026;13:00:00;184270,00;184635,00;183710,00;184050,00;33805919,00;918
WINM26;19/03/2026;12:00:00;184110,00;184970,00;183540,00;184310,00;34872630,00;946
WINM26;19/03/2026;11:00:00;183665,00;184490,00;183250,00;184085,00;44109590,00;1199
WINM26;19/03/2026;10:00:00;182200,00;183645,00;181510,00;183645,00;201362684,00;5516
WINM26;19/03/2026;09:00:00;183870,00;184035,00;181320,00;182225,00;129093259,00;3541
WINM26;18/03/2026;18:00:00;184345,00;184875,00;184130,00;184785,00;9446380,00;256
WINM26;18/03/2026;17:00:00;185200,00;185240,00;184300,00;184300,00;14260446,00;386
WINM26;18/03/2026;16:00:00;185540,00;186100,00;185265,00;185320,00;80990017,00;2182
WINM26;18/03/2026;15:00:00;186875,00;187120,00;185550,00;185580,00;64031183,00;1718
WINM26;18/03/2026;14:00:00;186830,00;187280,00;186025,00;186865,00;60144944,00;1612
WINM26;18/03/2026;13:00:00;185700,00;186900,00;185495,00;186815,00;56703620,00;1522
WINM26;18/03/2026;12:00:00;185870,00;186220,00;185385,00;185745,00;10808979,00;291
WINM26;18/03/2026;11:00:00;186500,00;186800,00;185450,00;185875,00;18718595,00;503
WINM26;18/03/2026;10:00:00;184870,00;186495,00;184785,00;186490,00;59941481,00;1614
WINM26;18/03/2026;09:00:00;186350,00;187100,00;184810,00;184900,00;136626972,00;3677
WINM26;17/03/2026;18:00:00;186200,00;186250,00;186065,00;186085,00;10762216,00;289
WINM26;17/03/2026;17:00:00;185850,00;186280,00;185830,00;186190,00;22860148,00;614
WINM26;17/03/2026;16:00:00;186245,00;186415,00;185615,00;185905,00;69879928,00;1878
WINM26;17/03/2026;15:00:00;187395,00;187715,00;185765,00;186240,00;86647017,00;2322
WINM26;17/03/2026;14:00:00;187075,00;187515,00;186925,00;187385,00;16471268,00;440
WINM26;17/03/2026;13:00:00;186540,00;187285,00;186350,00;187125,00;42996796,00;1150
WINM26;17/03/2026;12:00:00;187575,00;187635,00;186000,00;186540,00;69831966,00;1871
WINM26;17/03/2026;11:00:00;188300,00;188560,00;187375,00;187620,00;44719728,00;1190
WINM26;17/03/2026;10:00:00;185875,00;188545,00;185630,00;188385,00;91639206,00;2445
WINM26;17/03/2026;09:00:00;185895,00;186715,00;184715,00;185900,00;72184801,00;1940
WINM26;16/03/2026;18:00:00;185960,00;186095,00;185900,00;186095,00;12907366,00;347
WINM26;16/03/2026;17:00:00;186085,00;186100,00;185680,00;185970,00;27403108,00;737
WINM26;16/03/2026;16:00:00;186690,00;186980,00;185900,00;186085,00;21091802,00;565
WINM26;16/03/2026;15:00:00;186400,00;186855,00;186400,00;186635,00;24377702,00;653
WINM26;16/03/2026;14:00:00;185640,00;186350,00;185555,00;186350,00;20906821,00;562
WINM26;16/03/2026;13:00:00;185955,00;186145,00;185235,00;185605,00;57470762,00;1547
WINM26;16/03/2026;12:00:00;186150,00;186325,00;185740,00;185995,00;64780652,00;1740
WINM26;16/03/2026;11:00:00;186980,00;187080,00;185700,00;186035,00;63647142,00;1709
WINM26;16/03/2026;10:00:00;186245,00;187190,00;186075,00;187030,00;24750402,00;663
WINM26;16/03/2026;09:00:00;185815,00;187215,00;185125,00;186305,00;103344924,00;2769
WINM26;13/03/2026;18:00:00;183565,00;183860,00;183305,00;183860,00;18602972,00;507
WINM26;13/03/2026;17:00:00;183740,00;183960,00;183415,00;183575,00;21680774,00;590
WINM26;13/03/2026;16:00:00;184340,00;184385,00;183175,00;183800,00;105328113,00;2864
WINM26;13/03/2026;15:00:00;184150,00;184850,00;183900,00;184350,00;146979499,00;3988
WINM26;13/03/2026;14:00:00;185140,00;185165,00;183600,00;184110,00;227487202,00;6168
WINM26;13/03/2026;13:00:00;184630,00;185305,00;184530,00;185130,00;70773961,00;1914
WINM26;13/03/2026;12:00:00;185245,00;185330,00;184290,00;184700,00;134878842,00;3646
WINM26;13/03/2026;11:00:00;186600,00;186705,00;185100,00;185300,00;96768963,00;2607
WINM26;13/03/2026;10:00:00;185700,00;187070,00;185645,00;186750,00;41632768,00;1115
WINM26;13/03/2026;09:00:00;186000,00;186500,00;185415,00;185815,00;40544770,00;1090
WINM26;12/03/2026;18:00:00;184925,00;185125,00;184880,00;185120,00;6254042,00;169
WINM26;12/03/2026;17:00:00;185010,00;185330,00;184825,00;184970,00;17808596,00;481
WINM26;12/03/2026;16:00:00;185410,00;185870,00;184900,00;185035,00;38135607,00;1028
WINM26;12/03/2026;15:00:00;185350,00;185600,00;185065,00;185475,00;115319291,00;3112
WINM26;12/03/2026;14:00:00;185830,00;186080,00;185095,00;185310,00;70292612,00;1895
WINM26;12/03/2026;13:00:00;185405,00;185985,00;185260,00;185680,00;20414543,00;550
WINM26;12/03/2026;12:00:00;185230,00;185810,00;184440,00;185500,00;203620087,00;5505
WINM26;12/03/2026;11:00:00;185855,00;186115,00;185115,00;185255,00;350263468,00;9442
WINM26;12/03/2026;10:00:00;187695,00;188000,00;185230,00;185700,00;230393970,00;6198
WINM26;12/03/2026;09:00:00;189135,00;189240,00;187280,00;187615,00;66525114,00;1769
WINM26;11/03/2026;18:00:00;190100,00;190175,00;189700,00;189870,00;6492483,00;171
WINM26;11/03/2026;17:00:00;190135,00;190280,00;189975,00;190055,00;9581466,00;252
WINM26;11/03/2026;16:00:00;189600,00;190245,00;189305,00;190165,00;14990460,00;395
WINM26;11/03/2026;15:00:00;189245,00;189805,00;188945,00;189675,00;15043180,00;397
WINM26;11/03/2026;14:00:00;189730,00;189805,00;188750,00;189255,00;24310398,00;642
WINM26;11/03/2026;13:00:00;189520,00;189820,00;189170,00;189675,00;25238037,00;666
WINM26;11/03/2026;12:00:00;190985,00;191105,00;189535,00;189580,00;77271491,00;2031
WINM26;11/03/2026;11:00:00;191300,00;192080,00;190600,00;190975,00;49425762,00;1291
WINM26;11/03/2026;10:00:00;187955,00;191445,00;187915,00;191350,00;145052094,00;3817
WINM26;11/03/2026;09:00:00;189850,00;190250,00;187600,00;187920,00;74814619,00;1983
WINM26;10/03/2026;18:00:00;190125,00;190180,00;189740,00;189805,00;5509352,00;145
WINM26;10/03/2026;17:00:00;189595,00;190245,00;189500,00;190145,00;53617923,00;1412
WINM26;10/03/2026;16:00:00;190260,00;190600,00;189385,00;189575,00;36815052,00;970
WINM26;10/03/2026;15:00:00;191015,00;191180,00;189875,00;190310,00;131819271,00;3460
WINM26;10/03/2026;14:00:00;190740,00;191805,00;190715,00;191050,00;144963132,00;3792
WINM26;10/03/2026;13:00:00;190355,00;190805,00;190010,00;190715,00;62435204,00;1640
WINM26;10/03/2026;12:00:00;190225,00;190500,00;189685,00;190415,00;62692554,00;1648
WINM26;10/03/2026;11:00:00;187570,00;190265,00;186885,00;190245,00;78782964,00;2086
WINM26;10/03/2026;10:00:00;188710,00;188870,00;187355,00;187570,00;40463249,00;1077
WINM26;10/03/2026;09:00:00;187885,00;188975,00;187100,00;188710,00;41541442,00;1105
WINM26;09/03/2026;18:00:00;187800,00;188050,00;187675,00;187750,00;4921171,00;131
WINM26;09/03/2026;17:00:00;187700,00;188050,00;187070,00;187970,00;38405756,00;1024
WINM26;09/03/2026;16:00:00;186015,00;188440,00;186015,00;187720,00;141413396,00;3771
WINM26;09/03/2026;15:00:00;185180,00;186365,00;185180,00;185990,00;73506814,00;1976
WINM26;09/03/2026;14:00:00;185810,00;185895,00;185080,00;185175,00;47766734,00;1288
WINM26;09/03/2026;13:00:00;186030,00;186405,00;185630,00;185760,00;27700980,00;745
WINM26;09/03/2026;12:00:00;184970,00;186570,00;184900,00;186000,00;38296851,00;1030
WINM26;09/03/2026;11:00:00;185040,00;185205,00;183900,00;184950,00;70377224,00;1906
WINM26;09/03/2026;10:00:00;184920,00;185685,00;184800,00;185040,00;152704354,00;4117
WINM26;09/03/2026;09:00:00;184560,00;185315,00;184395,00;184865,00;34111964,00;923
WINM26;06/03/2026;18:00:00;186075,00;186150,00;185710,00;186100,00;20305543,00;546
WINM26;06/03/2026;17:00:00;186230,00;186580,00;185085,00;186000,00;53320807,00;1436
WINM26;06/03/2026;16:00:00;186410,00;186680,00;186010,00;186200,00;42478516,00;1140
WINM26;06/03/2026;15:00:00;185720,00;186905,00;185715,00;186395,00;58159580,00;1560
WINM26;06/03/2026;14:00:00;186115,00;186520,00;185510,00;185740,00;204615597,00;5499
WINM26;06/03/2026;13:00:00;186305,00;186860,00;186000,00;186115,00;56378183,00;1512
WINM26;06/03/2026;12:00:00;185175,00;186510,00;184955,00;186400,00;78408879,00;2109
WINM26;06/03/2026;11:00:00;185635,00;186055,00;184975,00;185165,00;150582149,00;4061
WINM26;06/03/2026;10:00:00;185985,00;187720,00;185450,00;185665,00;61136274,00;1637
WINM26;06/03/2026;09:00:00;186505,00;186615,00;184600,00;185955,00;72915893,00;1963
WINM26;05/03/2026;18:00:00;187195,00;187220,00;186650,00;186650,00;27785414,00;743
WINM26;05/03/2026;17:00:00;187085,00;188080,00;186800,00;187060,00;133257678,00;3559
WINM26;05/03/2026;16:00:00;187080,00;187665,00;186640,00;186980,00;67695474,00;1808
WINM26;05/03/2026;15:00:00;187375,00;187500,00;186405,00;187065,00;41088079,00;1099
WINM26;05/03/2026;14:00:00;188420,00;188520,00;186850,00;187505,00;113931980,00;3034
WINM26;05/03/2026;13:00:00;188245,00;188565,00;187295,00;188310,00;37672546,00;1002
WINM26;05/03/2026;12:00:00;189355,00;189585,00;187640,00;188070,00;76411426,00;2028
WINM26;05/03/2026;11:00:00;190145,00;190530,00;188330,00;189185,00;88892775,00;2348
WINM26;05/03/2026;10:00:00;191280,00;191410,00;190180,00;190195,00;79893656,00;2093
WINM26;05/03/2026;09:00:00;191530,00;192345,00;190380,00;191185,00;36838647,00;963
WINM26;04/03/2026;18:00:00;192000,00;192180,00;191475,00;191645,00;31926937,00;832
WINM26;04/03/2026;17:00:00;192425,00;192905,00;192000,00;192115,00;33713535,00;876
WINM26;04/03/2026;16:00:00;192025,00;192625,00;191760,00;192485,00;21571788,00;561
WINM26;04/03/2026;15:00:00;191455,00;192100,00;191065,00;191975,00;22656386,00;591
WINM26;04/03/2026;14:00:00;191285,00;191750,00;191025,00;191510,00;21098917,00;551
WINM26;04/03/2026;13:00:00;191100,00;191265,00;190435,00;191265,00;23618316,00;619
WINM26;04/03/2026;12:00:00;190595,00;191315,00;190340,00;191070,00;72460964,00;1898
WINM26;04/03/2026;11:00:00;192060,00;192315,00;190070,00;190560,00;97069517,00;2540
WINM26;04/03/2026;10:00:00;192350,00;193250,00;191800,00;192085,00;68321799,00;1775
WINM26;04/03/2026;09:00:00;189400,00;192350,00;189400,00;192320,00;39250243,00;1025
WINM26;03/03/2026;18:00:00;189560,00;189705,00;188500,00;188500,00;4387405,00;116
WINM26;03/03/2026;17:00:00;189900,00;190430,00;189400,00;189740,00;40794443,00;1074
WINM26;03/03/2026;16:00:00;191060,00;191325,00;189725,00;189880,00;62379475,00;1637
WINM26;03/03/2026;15:00:00;189745,00;191595,00;189695,00;191010,00;60373690,00;1581
WINM26;03/03/2026;14:00:00;189450,00;190120,00;189070,00;189770,00;28267646,00;745
WINM26;03/03/2026;13:00:00;188400,00;189710,00;188375,00;189555,00;96668370,00;2556
WINM26;03/03/2026;12:00:00;187975,00;188380,00;187160,00;188380,00;54751906,00;1458
WINM26;03/03/2026;11:00:00;189515,00;189730,00;187390,00;187810,00;328600334,00;8697
WINM26;03/03/2026;10:00:00;191230,00;191400,00;189355,00;189595,00;119293219,00;3136
WINM26;03/03/2026;09:00:00;192000,00;192335,00;190875,00;191200,00;177756718,00;4639
WINM26;02/03/2026;18:00:00;196300,00;196500,00;196250,00;196500,00;23241186,00;592
WINM26;02/03/2026;17:00:00;196905,00;196905,00;195910,00;196225,00;50740706,00;1292
WINM26;02/03/2026;16:00:00;196200,00;197285,00;196200,00;197000,00;114408724,00;2906
WINM26;02/03/2026;15:00:00;196065,00;196330,00;195855,00;196160,00;35885756,00;915
WINM26;02/03/2026;14:00:00;195475,00;196120,00;195350,00;196050,00;44488857,00;1136
WINM26;02/03/2026;13:00:00;195010,00;195870,00;194895,00;195370,00;73004932,00;1867
WINM26;02/03/2026;12:00:00;195350,00;196150,00;195000,00;195045,00;85486773,00;2185
WINM26;02/03/2026;11:00:00;193770,00;195740,00;193600,00;195350,00;68367816,00;1756
WINM26;02/03/2026;10:00:00;194120,00;195140,00;193700,00;193780,00;70065941,00;1802
WINM26;02/03/2026;09:00:00;194240,00;195140,00;193720,00;193720,00;74005228,00;1904
WINM26;27/02/2026;18:00:00;195940,00;196030,00;195710,00;195725,00;38184352,00;975
WINM26;27/02/2026;17:00:00;195985,00;196415,00;195690,00;195960,00;82495655,00;2103
WINM26;27/02/2026;16:00:00;196855,00;196940,00;195700,00;195875,00;32453022,00;828
WINM26;27/02/2026;15:00:00;196505,00;196880,00;196505,00;196845,00;7672434,00;195
WINM26;27/02/2026;14:00:00;196880,00;197050,00;196290,00;196520,00;44719820,00;1137
WINM26;27/02/2026;13:00:00;197485,00;197700,00;196800,00;196850,00;18489520,00;469
WINM26;27/02/2026;12:00:00;197215,00;197700,00;196885,00;197485,00;15471162,00;392
WINM26;27/02/2026;11:00:00;197160,00;198210,00;196965,00;197015,00;63150290,00;1599
WINM26;27/02/2026;10:00:00;197440,00;197685,00;196565,00;197120,00;145608347,00;3697
WINM26;27/02/2026;09:00:00;198155,00;198225,00;196255,00;197620,00;182486245,00;4626
WINM26;26/02/2026;18:00:00;198390,00;198550,00;198140,00;198380,00;62613512,00;1579
WINM26;26/02/2026;17:00:00;198260,00;198565,00;198210,00;198460,00;112511124,00;2836
WINM26;26/02/2026;16:00:00;197870,00;198285,00;197855,00;198260,00;17349197,00;438
WINM26;26/02/2026;15:00:00;197370,00;198000,00;197265,00;197835,00;72988424,00;1846
WINM26;26/02/2026;14:00:00;197400,00;197665,00;197100,00;197340,00;27385814,00;694
WINM26;26/02/2026;13:00:00;197415,00;198070,00;197300,00;197380,00;80239288,00;2030
WINM26;26/02/2026;12:00:00;197410,00;197520,00;196200,00;197400,00;135631680,00;3441
WINM26;26/02/2026;11:00:00;198225,00;198595,00;197085,00;197250,00;72983215,00;1842
WINM26;26/02/2026;10:00:00;198320,00;199080,00;197600,00;198250,00;163713550,00;4130
WINM26;26/02/2026;09:00:00;197925,00;198645,00;197880,00;198300,00;34376735,00;867
WINM26;25/02/2026;18:00:00;198605,00;198690,00;198360,00;198400,00;34614506,00;872
WINM26;25/02/2026;17:00:00;198200,00;198710,00;197885,00;198545,00;34054017,00;858
WINM26;25/02/2026;16:00:00;198300,00;198300,00;197755,00;198160,00;103765657,00;2620
WINM26;25/02/2026;15:00:00;199130,00;199130,00;198300,00;198325,00;31361028,00;789
WINM26;25/02/2026;14:00:00;198665,00;199155,00;198550,00;199100,00;46604463,00;1172
WINM26;25/02/2026;13:00:00;198600,00;198860,00;198470,00;198730,00;73984172,00;1862
WINM26;25/02/2026;12:00:00;198510,00;198685,00;198100,00;198605,00;125833297,00;3170
WINM26;25/02/2026;11:00:00;199095,00;199655,00;198430,00;198600,00;64875721,00;1629
WINM26;25/02/2026;10:00:00;200700,00;200760,00;198730,00;199035,00;36751053,00;922
WINM26;25/02/2026;09:00:00;200500,00;201750,00;200020,00;200750,00;78839683,00;1962
WINM26;24/02/2026;18:00:00;199120,00;199195,00;199005,00;199050,00;1951305,00;49
WINM26;24/02/2026;17:00:00;198950,00;199400,00;198725,00;199200,00;10624632,00;267
WINM26;24/02/2026;16:00:00;198925,00;199190,00;198515,00;199000,00;12050587,00;303
WINM26;24/02/2026;15:00:00;199015,00;199245,00;198830,00;198930,00;18070804,00;454
WINM26;24/02/2026;14:00:00;198900,00;199415,00;198900,00;198945,00;18604777,00;467
WINM26;24/02/2026;13:00:00;198750,00;199310,00;198685,00;198840,00;15833332,00;398
WINM26;24/02/2026;12:00:00;197910,00;198975,00;197805,00;198795,00;31338718,00;789
WINM26;24/02/2026;11:00:00;197595,00;198105,00;197230,00;197960,00;21509658,00;544
WINM26;24/02/2026;10:00:00;197395,00;198300,00;196935,00;197520,00;32010862,00;810
WINM26;24/02/2026;09:00:00;196505,00;198200,00;196505,00;197490,00;43442351,00;1102
WINM26;23/02/2026;18:00:00;196540,00;196555,00;196305,00;196305,00;82050618,00;2088
WINM26;23/02/2026;17:00:00;196335,00;196645,00;196250,00;196520,00;13161884,00;335
WINM26;23/02/2026;16:00:00;196770,00;196785,00;196150,00;196440,00;60852537,00;1549
WINM26;23/02/2026;15:00:00;196660,00;196975,00;196655,00;196795,00;18144491,00;461
WINM26;23/02/2026;14:00:00;196390,00;196800,00;196080,00;196635,00;75787029,00;1929
WINM26;23/02/2026;13:00:00;196450,00;196540,00;196040,00;196295,00;99786920,00;2542
WINM26;23/02/2026;12:00:00;198460,00;198550,00;196415,00;196415,00;32376937,00;819
WINM26;23/02/2026;11:00:00;196960,00;198685,00;196950,00;198405,00;35072808,00;887
WINM26;23/02/2026;10:00:00;196615,00;197375,00;196600,00;197015,00;11266615,00;286
WINM26;23/02/2026;09:00:00;197650,00;197845,00;196500,00;196530,00;80232375,00;2036
WINM26;20/02/2026;18:00:00;198100,00;198240,00;197850,00;197850,00;4872232,00;123
WINM26;20/02/2026;17:00:00;197820,00;198390,00;197820,00;198140,00;17629542,00;445
WINM26;20/02/2026;16:00:00;196935,00;198060,00;196895,00;197900,00;13910831,00;352
WINM26;20/02/2026;15:00:00;196425,00;197240,00;196425,00;196955,00;9016127,00;229
WINM26;20/02/2026;14:00:00;196260,00;196560,00;195360,00;196445,00;20146059,00;514
WINM26;20/02/2026;13:00:00;196075,00;196325,00;195860,00;196195,00;6236046,00;159
WINM26;20/02/2026;12:00:00;195480,00;196635,00;195480,00;196270,00;21128672,00;539
WINM26;20/02/2026;11:00:00;194535,00;195470,00;194305,00;195355,00;34383841,00;881
WINM26;20/02/2026;10:00:00;194705,00;194935,00;194220,00;194630,00;21557454,00;554
WINM26;20/02/2026;09:00:00;196275,00;196325,00;194590,00;194675,00;18421821,00;472
WINM26;19/02/2026;18:00:00;196150,00;196395,00;196050,00;196395,00;4984186,00;127
WINM26;19/02/2026;17:00:00;195715,00;196200,00;195475,00;196060,00;14887956,00;380
WINM26;19/02/2026;16:00:00;196020,00;196020,00;195530,00;195685,00;15310234,00;391
WINM26;19/02/2026;15:00:00;195995,00;196240,00;195800,00;195950,00;12189924,00;311
WINM26;19/02/2026;14:00:00;196120,00;196505,00;195895,00;196055,00;18603986,00;474
WINM26;19/02/2026;13:00:00;196255,00;196410,00;195945,00;196120,00;17818151,00;454
WINM26;19/02/2026;12:00:00;194455,00;196250,00;194405,00;196210,00;48335387,00;1235
WINM26;19/02/2026;11:00:00;194150,00;194495,00;193625,00;194385,00;46808129,00;1206
WINM26;19/02/2026;10:00:00;194400,00;194720,00;193615,00;194170,00;34075436,00;878
WINM26;19/02/2026;09:00:00;194190,00;194640,00;193660,00;194500,00;34841592,00;897
WINM26;18/02/2026;18:00:00;193840,00;194000,00;193750,00;193850,00;2636581,00;68
WINM26;18/02/2026;17:00:00;193015,00;193900,00;192845,00;193715,00;15657808,00;405
WINM26;18/02/2026;16:00:00;193450,00;193685,00;192620,00;192620,00;7954347,00;206
WINM26;18/02/2026;15:00:00;194060,00;194125,00;193100,00;193525,00;13075380,00;338
WINM26;18/02/2026;14:00:00;193765,00;194585,00;193440,00;194465,00;17233174,00;444
WINM26;18/02/2026;13:00:00;194260,00;196365,00;193795,00;194045,00;28819980,00;741
WINM26;13/02/2026;18:00:00;194200,00;194465,00;194200,00;194465,00;622028,00;16
WINM26;13/02/2026;17:00:00;193590,00;193590,00;193590,00;193590,00;38718,00;1
WINM26;13/02/2026;16:00:00;193840,00;194075,00;193450,00;193840,00;969410,00;25
WINM26;13/02/2026;15:00:00;193985,00;194015,00;193750,00;193750,00;426726,00;11
WINM26;13/02/2026;14:00:00;193550,00;193930,00;193305,00;193930,00;696499,00;18
WINM26;13/02/2026;13:00:00;192450,00;193540,00;192450,00;193540,00;502282,00;13
WINM26;13/02/2026;12:00:00;192950,00;193470,00;192615,00;192700,00;1158402,00;30
WINM26;13/02/2026;11:00:00;192535,00;192535,00;191545,00;191700,00;921950,00;24
WINM26;13/02/2026;10:00:00;193015,00;193300,00;192620,00;192950,00;1119212,00;29
WINM26;13/02/2026;09:00:00;194655,00;194750,00;192850,00;193115,00;1663135,00;43
WINM26;12/02/2026;18:00:00;195750,00;195750,00;195650,00;195650,00;78280,00;2
WINM26;12/02/2026;17:00:00;196050,00;196200,00;195850,00;195850,00;274394,00;7
WINM26;12/02/2026;16:00:00;195800,00;195905,00;195500,00;195905,00;1213560,00;31
WINM26;12/02/2026;15:00:00;196250,00;196250,00;195100,00;195450,00;1681574,00;43
WINM26;12/02/2026;14:00:00;196350,00;196800,00;196245,00;196350,00;1218151,00;31
WINM26;12/02/2026;13:00:00;197350,00;197490,00;196250,00;196250,00;1496953,00;38
WINM26;12/02/2026;12:00:00;197250,00;198000,00;197250,00;198000,00;197850,00;5
WINM26;12/02/2026;11:00:00;196800,00;197650,00;196800,00;197150,00;355110,00;9
WINM26;12/02/2026;10:00:00;197000,00;197500,00;196800,00;196800,00;670269,00;17
WINM26;12/02/2026;09:00:00;197600,00;197600,00;196695,00;196960,00;827830,00;21
WINM26;11/02/2026;18:00:00;197940,00;197940,00;197600,00;197600,00;237242,00;6
WINM26;11/02/2026;17:00:00;197810,00;197810,00;197715,00;197740,00;395489,00;10
WINM26;11/02/2026;16:00:00;197735,00;198355,00;197735,00;198000,00;158392,00;4
WINM26;11/02/2026;15:00:00;198200,00;198200,00;197435,00;197635,00;356077,00;9
WINM26;11/02/2026;14:00:00;198250,00;198250,00;198250,00;198250,00;79300,00;2
WINM26;11/02/2026;13:00:00;197645,00;198600,00;197645,00;198600,00;792121,00;20
WINM26;11/02/2026;12:00:00;196500,00;197080,00;196500,00;197080,00;118056,00;3
WINM26;11/02/2026;11:00:00;196600,00;197420,00;196600,00;197420,00;315262,00;8
WINM26;11/02/2026;10:00:00;195605,00;196385,00;195600,00;196385,00;470452,00;12
WINM26;11/02/2026;09:00:00;195685,00;196270,00;194750,00;196270,00;548235,00;14
WINM26;10/02/2026;18:00:00;194040,00;194175,00;194040,00;194175,00;194147,00;5
WINM26;10/02/2026;17:00:00;194000,00;194500,00;193950,00;193950,00;505005,00;13
WINM26;10/02/2026;15:00:00;193500,00;193500,00;193400,00;193400,00;77380,00;2
WINM26;10/02/2026;14:00:00;194000,00;194000,00;194000,00;194000,00;38800,00;1
WINM26;10/02/2026;13:00:00;194300,00;194300,00;194185,00;194185,00;116534,00;3
WINM26;10/02/2026;12:00:00;194000,00;194750,00;194000,00;194750,00;194414,00;5
WINM26;10/02/2026;10:00:00;193620,00;193940,00;193500,00;193500,00;116212,00;3
WINM26;10/02/2026;09:00:00;194030,00;194030,00;193650,00;193650,00;193954,00;5
WINM26;09/02/2026;18:00:00;194490,00;194490,00;194490,00;194490,00;38898,00;1
WINM26;09/02/2026;17:00:00;194460,00;194460,00;194460,00;194460,00;77784,00;2
WINM26;09/02/2026;16:00:00;194000,00;194000,00;193950,00;193950,00;271540,00;7
WINM26;09/02/2026;15:00:00;193355,00;193355,00;193285,00;193285,00;425255,00;11
WINM26;09/02/2026;14:00:00;192900,00;193250,00;192900,00;193250,00;115830,00;3
WINM26;09/02/2026;13:00:00;192500,00;192500,00;192500,00;192500,00;38500,00;1
WINM26;09/02/2026;10:00:00;191575,00;191700,00;191575,00;191580,00;114971,00;3
WINM26;09/02/2026;09:00:00;191000,00;192465,00;191000,00;192180,00;9492603,00;247
WINM26;06/02/2026;18:00:00;190750,00;190750,00;190600,00;190600,00;76270,00;2
WINM26;06/02/2026;17:00:00;191000,00;191210,00;191000,00;191210,00;305830,00;8
WINM26;06/02/2026;15:00:00;190500,00;190500,00;190100,00;190100,00;800000,00;21
WINM26;06/02/2026;12:00:00;190300,00;190300,00;190300,00;190300,00;38060,00;1
WINM26;06/02/2026;11:00:00;189705,00;189705,00;189700,00;189700,00;75881,00;2
WINM26;06/02/2026;10:00:00;190200,00;190200,00;190200,00;190200,00;38040,00;1
WINM26;06/02/2026;09:00:00;190740,00;191670,00;190400,00;190600,00;344061,00;9
WINM26;05/02/2026;18:00:00;190410,00;190410,00;190400,00;190400,00;76162,00;2
WINM26;05/02/2026;17:00:00;190500,00;190500,00;190500,00;190500,00;38100,00;1
WINM26;05/02/2026;14:00:00;191000,00;191250,00;191000,00;191250,00;152850,00;4
WINM26;05/02/2026;13:00:00;190800,00;191250,00;190800,00;191250,00;76410,00;2
WINM26;05/02/2026;12:00:00;191535,00;191535,00;189865,00;190830,00;266811,00;7
WINM26;05/02/2026;11:00:00;191000,00;191500,00;190965,00;190965,00;191263,00;5
WINM26;05/02/2026;10:00:00;190500,00;191100,00;190500,00;191100,00;305465,00;8
WINM26;05/02/2026;09:00:00;190130,00;190500,00;189930,00;189930,00;1064371,00;28
WINM26;04/02/2026;18:00:00;189995,00;189995,00;189995,00;189995,00;37999,00;1
WINM26;04/02/2026;16:00:00;188800,00;189230,00;188800,00;189230,00;151254,00;4
WINM26;04/02/2026;15:00:00;189350,00;189350,00;188740,00;188740,00;529856,00;14
WINM26;04/02/2026;14:00:00;190050,00;190050,00;189200,00;189350,00;303207,00;8
WINM26;04/02/2026;13:00:00;190700,00;190700,00;189850,00;190050,00;380518,00;10
WINM26;04/02/2026;12:00:00;191160,00;191850,00;191000,00;191000,00;306168,00;8
WINM26;04/02/2026;11:00:00;192365,00;192365,00;191300,00;191350,00;997281,00;26
WINM26;04/02/2026;10:00:00;192830,00;192950,00;192650,00;192650,00;154246,00;4
WINM26;04/02/2026;09:00:00;194500,00;194500,00;192995,00;192995,00;116099,00;3
WINM26;03/02/2026;18:00:00;194000,00;194000,00;193830,00;193830,00;155101,00;4
WINM26;03/02/2026;17:00:00;194050,00;194050,00;194050,00;194050,00;38810,00;1
WINM26;03/02/2026;16:00:00;193250,00;193815,00;193250,00;193295,00;271094,00;7
WINM26;03/02/2026;15:00:00;193500,00;193500,00;193455,00;193455,00;77391,00;2
WINM26;03/02/2026;14:00:00;193930,00;194080,00;193790,00;193790,00;543252,00;14
WINM26;03/02/2026;12:00:00;195140,00;195245,00;194955,00;194955,00;312139,00;8
WINM26;03/02/2026;11:00:00;195000,00;195725,00;195000,00;195165,00;156178,00;4
WINM26;03/02/2026;10:00:00;192800,00;194500,00;192740,00;194500,00;503060,00;13
WINM26;03/02/2026;09:00:00;191415,00;193200,00;191415,00;193170,00;424031,00;11
WINM26;02/02/2026;18:00:00;191415,00;191415,00;191200,00;191200,00;191283,00;5
WINM26;02/02/2026;17:00:00;190250,00;191350,00;190250,00;191350,00;343473,00;9
WINM26;02/02/2026;16:00:00;190110,00;190135,00;190110,00;190135,00;1597106,00;42
WINM26;02/02/2026;14:00:00;191000,00;191000,00;190800,00;190800,00;76360,00;2
WINM26;02/02/2026;13:00:00;190900,00;190900,00;190900,00;190900,00;38180,00;1
WINM26;02/02/2026;11:00:00;190525,00;190525,00;190000,00;190180,00;114141,00;3
WINM26;02/02/2026;10:00:00;190000,00;191140,00;190000,00;191140,00;190458,00;5
WINM26;02/02/2026;09:00:00;189750,00;190360,00;189750,00;190360,00;190110,00;5
WINM26;30/01/2026;18:00:00;189895,00;189980,00;189895,00;189980,00;75975,00;2
WINM26;30/01/2026;17:00:00;189575,00;189575,00;189465,00;189465,00;75808,00;2
WINM26;30/01/2026;16:00:00;189755,00;189755,00;189700,00;189700,00;75891,00;2
WINM26;30/01/2026;15:00:00;189750,00;190000,00;189000,00;190000,00;340946,00;9
WINM26;30/01/2026;14:00:00;190500,00;190500,00;189870,00;189870,00;228108,00;6
WINM26;30/01/2026;13:00:00;191460,00;191460,00;191000,00;191000,00;76492,00;2
WINM26;30/01/2026;12:00:00;191635,00;192025,00;191635,00;191825,00;575414,00;15
WINM26;30/01/2026;10:00:00;190995,00;191945,00;190940,00;191580,00;421285,00;11
WINM26;30/01/2026;09:00:00;190965,00;191535,00;190340,00;191125,00;687722,00;18
WINM26;29/01/2026;18:00:00;191805,00;191805,00;191805,00;191805,00;38361,00;1
WINM26;29/01/2026;17:00:00;191900,00;192100,00;191900,00;191910,00;115182,00;3
WINM26;29/01/2026;16:00:00;192065,00;192065,00;192065,00;192065,00;38413,00;1
WINM26;29/01/2026;15:00:00;191500,00;191835,00;191500,00;191650,00;191658,00;5
WINM26;29/01/2026;14:00:00;191390,00;192505,00;191390,00;192505,00;461688,00;12
WINM26;29/01/2026;13:00:00;191190,00;191190,00;191190,00;191190,00;38238,00;1
WINM26;29/01/2026;12:00:00;192525,00;192680,00;190800,00;190800,00;614299,00;16
WINM26;29/01/2026;11:00:00;194800,00;194800,00;192920,00;192920,00;581867,00;15
WINM26;29/01/2026;10:00:00;194995,00;195075,00;194600,00;194625,00;506828,00;13
WINM26;29/01/2026;09:00:00;195760,00;196235,00;194900,00;194995,00;822067,00;21
WINM26;28/01/2026;18:00:00;193520,00;193665,00;193355,00;193465,00;2243902,00;58
WINM26;28/01/2026;17:00:00;192700,00;193380,00;192700,00;193265,00;231709,00;6
WINM26;28/01/2026;13:00:00;192355,00;192355,00;192355,00;192355,00;38471,00;1
WINM26;28/01/2026;12:00:00;192900,00;192900,00;192000,00;192000,00;346662,00;9
WINM26;28/01/2026;11:00:00;193150,00;193500,00;193150,00;193500,00;154655,00;4
WINM26;28/01/2026;10:00:00;191660,00;193205,00;191660,00;193205,00;577157,00;15
WINM26;28/01/2026;09:00:00;190970,00;191595,00;190940,00;191595,00;229498,00;6
WINM26;27/01/2026;18:00:00;190935,00;190935,00;190255,00;190255,00;532948,00;14
WINM26;27/01/2026;17:00:00;191300,00;191500,00;191300,00;191500,00;76560,00;2
WINM26;27/01/2026;15:00:00;190800,00;190800,00;190800,00;190800,00;38160,00;1
WINM26;27/01/2026;14:00:00;192000,00;192000,00;191000,00;191000,00;804600,00;21
WINM26;27/01/2026;13:00:00;191450,00;191775,00;191450,00;191775,00;114945,00;3
WINM26;27/01/2026;12:00:00;191600,00;191600,00;191200,00;191220,00;650637,00;17
WINM26;27/01/2026;11:00:00;190870,00;191375,00;190870,00;191375,00;765057,00;20
WINM26;27/01/2026;10:00:00;189600,00;190220,00;189575,00;190220,00;341667,00;9
WINM26;27/01/2026;09:00:00;189020,00;190000,00;188845,00;190000,00;113573,00;3
WINM26;26/01/2026;18:00:00;187385,00;187405,00;187385,00;187405,00;599656,00;16
WINM26;26/01/2026;17:00:00;187555,00;187555,00;187555,00;187555,00;37511,00;1
WINM26;26/01/2026;16:00:00;187165,00;187165,00;186620,00;186620,00;224440,00;6
WINM26;26/01/2026;15:00:00;186920,00;187200,00;186920,00;187200,00;112237,00;3
WINM26;26/01/2026;13:00:00;187195,00;187195,00;186760,00;186960,00;598314,00;16
WINM26;26/01/2026;12:00:00;187300,00;187300,00;187300,00;187300,00;37460,00;1
WINM26;26/01/2026;11:00:00;186515,00;188325,00;186515,00;187350,00;1534731,00;41
WINM26;26/01/2026;10:00:00;187900,00;187900,00;186800,00;186800,00;187300,00;5
WINM26;26/01/2026;09:00:00;189230,00;189245,00;188725,00;189100,00;415887,00;11
WINM26;23/01/2026;18:00:00;187590,00;187705,00;187590,00;187705,00;75059,00;2
WINM26;23/01/2026;17:00:00;187100,00;189020,00;187100,00;187590,00;338797,00;9
WINM26;23/01/2026;16:00:00;186425,00;187025,00;186425,00;187025,00;261355,00;7
WINM26;23/01/2026;15:00:00;185430,00;186225,00;185430,00;186225,00;185986,00;5
WINM26;23/01/2026;12:00:00;186095,00;186095,00;186095,00;186095,00;74438,00;2
WINM26;23/01/2026;11:00:00;184950,00;184950,00;184450,00;184580,00;406325,00;11
WINM26;23/01/2026;10:00:00;185200,00;185200,00;184940,00;184940,00;148031,00;4
WINM26;23/01/2026;09:00:00;185340,00;185900,00;184900,00;184900,00;185228,00;5
WINM26;22/01/2026;17:00:00;184395,00;184500,00;184375,00;184375,00;553383,00;15
WINM26;22/01/2026;16:00:00;184700,00;184700,00;184300,00;184350,00;2251381,00;61
WINM26;22/01/2026;15:00:00;184755,00;184930,00;184655,00;184700,00;221690,00;6
WINM26;22/01/2026;14:00:00;185270,00;185270,00;185270,00;185270,00;74108,00;2
WINM26;22/01/2026;13:00:00;185690,00;185690,00;185420,00;185420,00;742365,00;20
WINM26;22/01/2026;12:00:00;184505,00;185830,00;184505,00;185695,00;2301297,00;62
WINM26;22/01/2026;11:00:00;182000,00;183735,00;182000,00;183400,00;513041,00;14
WINM26;22/01/2026;10:00:00;181795,00;181795,00;181795,00;181795,00;36359,00;1
WINM26;22/01/2026;09:00:00;180700,00;181690,00;180480,00;181690,00;1812683,00;50
WINM26;21/01/2026;18:00:00;180430,00;181035,00;180430,00;181035,00;108500,00;3
WINM26;21/01/2026;17:00:00;180350,00;180430,00;180115,00;180430,00;432775,00;12
WINM26;21/01/2026;16:00:00;179330,00;180000,00;179250,00;180000,00;1148107,00;32
WINM26;21/01/2026;15:00:00;178885,00;179215,00;178885,00;179215,00;179076,00;5
WINM26;21/01/2026;13:00:00;178305,00;178500,00;178305,00;178395,00;285540,00;8
WINM26;21/01/2026;11:00:00;177500,00;178305,00;177305,00;178305,00;960442,00;27
WINM26;21/01/2026;10:00:00;176750,00;177155,00;176710,00;176905,00;672252,00;19
WINM26;21/01/2026;09:00:00;175460,00;176500,00;175460,00;176500,00;1619104,00;46
WINM26;20/01/2026;17:00:00;174500,00;174600,00;174435,00;174600,00;244268,00;7
WINM26;20/01/2026;16:00:00;174100,00;174100,00;174000,00;174000,00;208830,00;6
WINM26;20/01/2026;15:00:00;174250,00;174250,00;174250,00;174250,00;34850,00;1
WINM26;20/01/2026;13:00:00;174650,00;174750,00;174650,00;174750,00;104810,00;3
WINM26;20/01/2026;12:00:00;174230,00;174500,00;174230,00;174500,00;139546,00;4
WINM26;20/01/2026;11:00:00;172500,00;174275,00;172500,00;174150,00;590295,00;17
WINM26;20/01/2026;10:00:00;172450,00;172650,00;171875,00;172570,00;517420,00;15
WINM26;20/01/2026;09:00:00;172345,00;172755,00;171935,00;172550,00;689134,00;20
WINM26;19/01/2026;18:00:00;173300,00;173300,00;173250,00;173250,00;103970,00;3
WINM26;19/01/2026;17:00:00;173240,00;173300,00;173240,00;173250,00;103958,00;3
WINM26;19/01/2026;15:00:00;173230,00;173230,00;173230,00;173230,00;34646,00;1
WINM26;19/01/2026;13:00:00;173330,00;173430,00;173330,00;173430,00;69352,00;2
WINM26;19/01/2026;12:00:00;173130,00;173230,00;173130,00;173230,00;69272,00;2
WINM26;19/01/2026;11:00:00;173130,00;173230,00;173030,00;173230,00;138504,00;4
WINM26;19/01/2026;10:00:00;173330,00;173430,00;172750,00;173030,00;242326,00;7
WINM26;19/01/2026;09:00:00;172720,00;173230,00;172720,00;173230,00;242161,00;7
WINM26;16/01/2026;18:00:00;173040,00;173040,00;173040,00;173040,00;34608,00;1
WINM26;16/01/2026;17:00:00;173035,00;173035,00;173035,00;173035,00;69214,00;2
WINM26;16/01/2026;15:00:00;173080,00;173170,00;173080,00;173150,00;242404,00;7
WINM26;16/01/2026;14:00:00;173120,00;173120,00;173080,00;173080,00;103864,00;3
WINM26;16/01/2026;13:00:00;172750,00;172750,00;172750,00;172750,00;34550,00;1
WINM26;16/01/2026;11:00:00;173500,00;173500,00;173000,00;173410,00;381349,00;11
WINM26;16/01/2026;09:00:00;174310,00;174600,00;174310,00;174500,00;244130,00;7
WINM26;15/01/2026;17:00:00;174225,00;174225,00;174225,00;174225,00;34845,00;1
WINM26;15/01/2026;16:00:00;174730,00;174730,00;174730,00;174730,00;34946,00;1
WINM26;15/01/2026;15:00:00;174530,00;174800,00;174530,00;174800,00;244549,00;7
WINM26;15/01/2026;14:00:00;174250,00;174250,00;174250,00;174250,00;34850,00;1
WINM26;15/01/2026;12:00:00;173750,00;174000,00;173750,00;174000,00;69550,00;2
WINM26;15/01/2026;11:00:00;173750,00;173750,00;173500,00;173500,00;104186,00;3
WINM26;15/01/2026;10:00:00;174000,00;174250,00;173820,00;173820,00;243542,00;7
WINM26;15/01/2026;09:00:00;174150,00;174250,00;174000,00;174250,00;139310,00;4
WINM26;14/01/2026;18:00:00;173850,00;174005,00;173850,00;174005,00;417516,00;12
WINM26;14/01/2026;17:00:00;173500,00;173800,00;173500,00;173800,00;868722,00;25
WINM26;14/01/2026;16:00:00;173025,00;173250,00;173025,00;173205,00;346298,00;10
WINM26;14/01/2026;15:00:00;172750,00;173000,00;172750,00;173000,00;103750,00;3
WINM26;14/01/2026;14:00:00;172500,00;172500,00;172500,00;172500,00;34500,00;1
WINM26;14/01/2026;12:00:00;172500,00;172500,00;172500,00;172500,00;69000,00;2
WINM26;14/01/2026;11:00:00;171500,00;172100,00;170780,00;172100,00;1061290,00;31
WINM26;14/01/2026;10:00:00;171750,00;172000,00;171750,00;171750,00;378206,00;11
WINM26;14/01/2026;09:00:00;171500,00;171590,00;171400,00;171590,00;274378,00;8
WINM26;13/01/2026;13:00:00;170595,00;170845,00;170500,00;170845,00;239064,00;7
WINM26;13/01/2026;12:00:00;170900,00;170960,00;170500,00;170700,00;341486,00;10
WINM26;13/01/2026;11:00:00;171250,00;171750,00;171000,00;171000,00;205420,00;6
WINM26;13/01/2026;10:00:00;171100,00;171325,00;170600,00;171000,00;991360,00;29
WINM26;13/01/2026;09:00:00;172265,00;172300,00;171225,00;171255,00;480499,00;14
WINM26;12/01/2026;18:00:00;171900,00;172100,00;171900,00;172100,00;68800,00;2
WINM26;12/01/2026;17:00:00;172095,00;172095,00;171900,00;171900,00;103180,00;3
WINM26;12/01/2026;15:00:00;172295,00;172295,00;172095,00;172095,00;68878,00;2
WINM26;12/01/2026;12:00:00;172150,00;172285,00;172005,00;172200,00;172178,00;5
WINM26;12/01/2026;11:00:00;171425,00;172210,00;171115,00;171800,00;515034,00;15
WINM26;12/01/2026;10:00:00;171745,00;171745,00;171445,00;171445,00;68638,00;2
WINM26;12/01/2026;09:00:00;172500,00;172500,00;171900,00;171900,00;103345,00;3
WINM26;09/01/2026;17:00:00;172195,00;172195,00;172195,00;172195,00;34439,00;1
WINM26;09/01/2026;16:00:00;172500,00;172500,00;172500,00;172500,00;34500,00;1
WINM26;09/01/2026;15:00:00;172750,00;172750,00;172750,00;172750,00;34550,00;1
WINM26;09/01/2026;14:00:00;173000,00;173000,00;173000,00;173000,00;34600,00;1
WINM26;09/01/2026;12:00:00;173000,00;173000,00;173000,00;173000,00;34600,00;1
WINM26;09/01/2026;11:00:00;172750,00;172750,00;172750,00;172750,00;34550,00;1
WINM26;09/01/2026;10:00:00;172000,00;172700,00;171905,00;172700,00;172202,00;5
WINM26;09/01/2026;09:00:00;172250,00;172250,00;171400,00;171650,00;171649,00;5
WINM26;08/01/2026;18:00:00;171745,00;171745,00;171745,00;171745,00;34349,00;1
WINM26;08/01/2026;17:00:00;171600,00;171600,00;171600,00;171600,00;34320,00;1
WINM26;08/01/2026;11:00:00;171100,00;171750,00;171000,00;171500,00;240063,00;7
WINM26;08/01/2026;10:00:00;171500,00;171500,00;171000,00;171000,00;137020,00;4
WINM26;08/01/2026;09:00:00;170770,00;171060,00;170770,00;170840,00;170958,00;5
WINM26;07/01/2026;18:00:00;170900,00;170900,00;170870,00;170870,00;68354,00;2
WINM26;07/01/2026;17:00:00;171150,00;171150,00;170900,00;171000,00;273720,00;8
WINM26;07/01/2026;16:00:00;171150,00;171150,00;171150,00;171150,00;34230,00;1
WINM26;07/01/2026;13:00:00;171150,00;171150,00;171150,00;171150,00;34230,00;1
WINM26;07/01/2026;12:00:00;171000,00;171200,00;171000,00;171200,00;102640,00;3
WINM26;07/01/2026;11:00:00;171500,00;171500,00;171370,00;171370,00;445640,00;13
WINM26;07/01/2026;10:00:00;172000,00;172000,00;171750,00;171750,00;68750,00;2
WINM26;07/01/2026;09:00:00;172500,00;172500,00;172500,00;172500,00;34500,00;1
WINM26;06/01/2026;15:00:00;172750,00;172750,00;172750,00;172750,00;34550,00;1
WINM26;06/01/2026;14:00:00;173000,00;173000,00;173000,00;173000,00;69200,00;2
WINM26;06/01/2026;13:00:00;172750,00;172750,00;172745,00;172745,00;69099,00;2
WINM26;06/01/2026;12:00:00;172800,00;172850,00;172750,00;172750,00;103680,00;3
WINM26;06/01/2026;11:00:00;173220,00;173250,00;172750,00;173000,00;138444,00;4
WINM26;06/01/2026;10:00:00;172250,00;173000,00;172250,00;173000,00;172748,00;5
WINM26;06/01/2026;09:00:00;171435,00;172090,00;171435,00;172090,00;446378,00;13
WINM26;05/01/2026;17:00:00;170990,00;170990,00;170800,00;170800,00;205016,00;6
WINM26;05/01/2026;16:00:00;171200,00;171200,00;171090,00;171090,00;68458,00;2
WINM26;05/01/2026;15:00:00;171020,00;171020,00;171020,00;171020,00;205224,00;6
WINM26;05/01/2026;14:00:00;171000,00;171000,00;171000,00;171000,00;34200,00;1
WINM26;05/01/2026;13:00:00;170570,00;170570,00;170370,00;170370,00;102282,00;3
WINM26;05/01/2026;12:00:00;170255,00;170625,00;170255,00;170625,00;170436,00;5
WINM26;02/01/2026;17:00:00;169610,00;169610,00;169500,00;169500,00;881950,00;26
WINM26;02/01/2026;16:00:00;169750,00;169750,00;169700,00;169700,00;67890,00;2
WINM26;02/01/2026;15:00:00;169400,00;169455,00;169400,00;169455,00;711491,00;21
WINM26;02/01/2026;14:00:00;169500,00;169500,00;169500,00;169500,00;101700,00;3
WINM26;02/01/2026;12:00:00;170000,00;170000,00;170000,00;170000,00;68000,00;2
WINM26;02/01/2026;11:00:00;170180,00;170180,00;170180,00;170180,00;34036,00;1
WINM26;02/01/2026;10:00:00;171550,00;171550,00;170440,00;170440,00;376290,00;11
WINM26;02/01/2026;09:00:00;171000,00;171365,00;171000,00;171365,00;102679,00;3
