WINM26;14/05/2026;179055,00;181550,00;179055,00;180675,00;6,045032258E11;16729366
WINM26;13/05/2026;182750,00;182900,00;178790,00;179105,00;6,942894102E11;19144686
WINM26;12/05/2026;183800,00;184090,00;182145,00;182770,00;6,610859763E11;18066282
WINM26;11/05/2026;187400,00;187400,00;183940,00;184600,00;6,715489139E11;18126808
WINM26;08/05/2026;186000,00;188255,00;185800,00;187190,00;6,274065734E11;16746381
WINM26;07/05/2026;190300,00;190575,00;185180,00;185260,00;7,495265118E11;20019957
WINM26;06/05/2026;191440,00;192560,00;189635,00;190000,00;7,142333213E11;18714709
WINM26;05/05/2026;189525,00;190245,00;188040,00;189400,00;6,534221357E11;17272825
WINM26;04/05/2026;189490,00;190870,00;188195,00;188580,00;6,65376845E11;17555220
WINM26;30/04/2026;188500,00;191035,00;188305,00;189980,00;5,79305985E11;15256136
WINM26;29/04/2026;191670,00;191695,00;186865,00;186900,00;6,547760781E11;17290498
WINM26;28/04/2026;192075,00;192310,00;190550,00;191890,00;6,46285095E11;16872998
WINM26;27/04/2026;194760,00;195245,00;192600,00;192755,00;6,187312346E11;15951114
WINM26;24/04/2026;195330,00;195430,00;193430,00;194355,00;6,3103848E11;16249994
WINM26;23/04/2026;196275,00;197040,00;194425,00;194520,00;7,58654017E11;19366117
WINM26;22/04/2026;200550,00;200660,00;196120,00;196135,00;7,04128205E11;17787249
WINM26;20/04/2026;199660,00;200785,00;199175,00;200430,00;5,968012071E11;14909975
WINM26;17/04/2026;201525,00;203470,00;199345,00;199650,00;7,370240972E11;18331930
WINM26;16/04/2026;202065,00;202975,00;200535,00;200750,00;6,725640341E11;16685330
WINM26;15/04/2026;202885,00;203495,00;201210,00;201720,00;6,07206187E11;15021184
WINM26;14/04/2026;202750,00;203795,00;202335,00;202710,00;3,091198568E10;761269
WINM26;13/04/2026;201415,00;202670,00;200500,00;202150,00;8936715371,00;221668
WINM26;10/04/2026;199965,00;202550,00;199615,00;202550,00;3433966298,00;85347
WINM26;09/04/2026;196195,00;200185,00;196165,00;200165,00;1841733306,00;46306
WINM26;08/04/2026;198125,00;199410,00;195610,00;196600,00;1312400266,00;33274
WINM26;07/04/2026;192095,00;193420,00;190310,00;193260,00;624558891,00;16287
WINM26;06/04/2026;192900,00;193910,00;192200,00;192765,00;567565519,00;14695
WINM26;02/04/2026;190100,00;194030,00;189280,00;192400,00;974421245,00;25407
WINM26;01/04/2026;193900,00;194300,00;192020,00;192600,00;982696048,00;25435
WINM26;31/03/2026;188800,00;192990,00;188785,00;192790,00;818720845,00;21390
WINM26;30/03/2026;186700,00;189335,00;185820,00;187125,00;584565509,00;15550
WINM26;27/03/2026;187270,00;188485,00;185885,00;185885,00;327665130,00;8758
WINM26;26/03/2026;188695,00;190185,00;187580,00;188055,00;406428706,00;10779
WINM26;25/03/2026;190700,00;191675,00;189380,00;190635,00;411014687,00;10783
WINM26;24/03/2026;187500,00;190600,00;185035,00;189585,00;378468975,00;10103
WINM26;23/03/2026;183445,00;188425,00;181750,00;187995,00;956978915,00;25703
WINM26;20/03/2026;184500,00;185350,00;180135,00;183000,00;554978155,00;15244
WINM26;19/03/2026;183870,00;187015,00;181320,00;185850,00;648423751,00;17650
WINM26;18/03/2026;186350,00;187280,00;184130,00;184785,00;511672617,00;13761
WINM26;17/03/2026;185895,00;188560,00;184715,00;186085,00;527993074,00;14139
WINM26;16/03/2026;185815,00;187215,00;185125,00;186095,00;420680681,00;11292
WINM26;13/03/2026;186000,00;187070,00;183175,00;183860,00;904677864,00;24489
WINM26;12/03/2026;189135,00;189240,00;184440,00;185120,00;1119027330,00;30149
WINM26;11/03/2026;189850,00;192080,00;187600,00;189870,00;442219990,00;11645
WINM26;10/03/2026;187885,00;191805,00;186885,00;189805,00;658640143,00;17335
WINM26;09/03/2026;184560,00;188440,00;183900,00;187750,00;629205244,00;16911
WINM26;06/03/2026;186505,00;187720,00;184600,00;186100,00;798301421,00;21463
WINM26;05/03/2026;191530,00;192345,00;186405,00;186650,00;703467675,00;18677
WINM26;04/03/2026;189400,00;193250,00;189400,00;191645,00;431688402,00;11268
WINM26;03/03/2026;192000,00;192335,00;187160,00;188500,00;973273206,00;25639
WINM26;02/03/2026;194240,00;197285,00;193600,00;196500,00;639695919,00;16355
WINM26;27/02/2026;198155,00;198225,00;195690,00;195725,00;630730847,00;16021
WINM26;26/02/2026;197925,00;199080,00;196200,00;198380,00;779792539,00;19703
WINM26;25/02/2026;200500,00;201750,00;197755,00;198400,00;630683597,00;15856
WINM26;24/02/2026;196505,00;199415,00;196505,00;199050,00;205437026,00;5183
WINM26;23/02/2026;197650,00;198685,00;196040,00;196305,00;508732214,00;12932
WINM26;20/02/2026;196275,00;198390,00;194220,00;197850,00;167302625,00;4268
WINM26;19/02/2026;194190,00;196505,00;193615,00;196395,00;247854981,00;6353
WINM26;18/02/2026;194260,00;196365,00;192620,00;193850,00;85377270,00;2202
WINM26;13/02/2026;194655,00;194750,00;191545,00;194465,00;8118362,00;210
WINM26;12/02/2026;197600,00;198000,00;195100,00;195650,00;8013971,00;204
WINM26;11/02/2026;195685,00;198600,00;194750,00;197600,00;3470626,00;88
WINM26;10/02/2026;194030,00;194750,00;193400,00;194175,00;1436446,00;37
WINM26;09/02/2026;191000,00;194490,00;191000,00;194490,00;10575381,00;275
WINM26;06/02/2026;190740,00;191670,00;189700,00;190600,00;1678142,00;44
WINM26;05/02/2026;190130,00;191535,00;189865,00;190400,00;2171432,00;57
WINM26;04/02/2026;194500,00;194500,00;188740,00;189995,00;2976628,00;78
WINM26;03/02/2026;191415,00;195725,00;191415,00;193830,00;2481056,00;64
WINM26;02/02/2026;189750,00;191415,00;189750,00;191200,00;2741111,00;72
WINM26;30/01/2026;190965,00;192025,00;189000,00;189980,00;2557641,00;67
WINM26;29/01/2026;195760,00;196235,00;190800,00;191805,00;3408601,00;88
WINM26;28/01/2026;190970,00;193665,00;190940,00;193465,00;3822054,00;99
WINM26;27/01/2026;189020,00;192000,00;188845,00;190255,00;3438147,00;90
WINM26;26/01/2026;189230,00;189245,00;186515,00;187405,00;3747536,00;100
WINM26;23/01/2026;185340,00;189020,00;184450,00;187705,00;1675219,00;45
WINM26;22/01/2026;180700,00;185830,00;180480,00;184375,00;8506307,00;231
WINM26;21/01/2026;175460,00;181035,00;175460,00;181035,00;5405796,00;152
WINM26;20/01/2026;172345,00;174750,00;171875,00;174600,00;2529153,00;73
WINM26;19/01/2026;172720,00;173430,00;172720,00;173250,00;1004189,00;29
WINM26;16/01/2026;174310,00;174600,00;172750,00;173040,00;1110119,00;32
WINM26;15/01/2026;174150,00;174800,00;173500,00;174225,00;905778,00;26
WINM26;14/01/2026;171500,00;174005,00;170780,00;174005,00;3553660,00;103
WINM26;13/01/2026;172265,00;172300,00;170500,00;170845,00;2257829,00;66
WINM26;12/01/2026;172500,00;172500,00;171115,00;172100,00;1100053,00;32
WINM26;09/01/2026;172250,00;173000,00;171400,00;172195,00;551090,00;16
WINM26;08/01/2026;170770,00;171750,00;170770,00;171745,00;616710,00;18
WINM26;07/01/2026;172500,00;172500,00;170870,00;170870,00;1062064,00;31
WINM26;06/01/2026;171435,00;173250,00;171435,00;172750,00;1034099,00;30
WINM26;05/01/2026;170255,00;171200,00;170255,00;170800,00;785616,00;23
WINM26;02/01/2026;171000,00;171550,00;169400,00;169500,00;2344036,00;69
