WINFUT;29/12/2025;163850,00;165040,00;162355,00;162700,00;1,360779054E12;41580781
WINFUT;22/12/2025;162055,00;164120,00;160150,00;164050,00;1,37600462E12;42440644
WINFUT;15/12/2025;161575,00;163300,00;157325,00;161600,00;2,781784842E12;86308453
WINFUT;08/12/2025;160090,00;161610,00;155630,00;161030,00;3,289568842E12;103412670
WINFUT;01/12/2025;160000,00;165785,00;157465,00;158325,00;3,006348747E12;92673466
WINFUT;24/11/2025;156750,00;160840,00;155930,00;160100,00;2,330642806E12;73663743
WINFUT;17/11/2025;159585,00;159670,00;155025,00;156440,00;2,174111879E12;68937325
WINFUT;10/11/2025;157100,00;160605,00;156670,00;159310,00;2,783428092E12;87523106
WINFUT;03/11/2025;152225,00;156570,00;151750,00;156240,00;2,489961567E12;80747248
WINFUT;27/10/2025;150075,00;152245,00;149065,00;152225,00;2,218052967E12;73562681
WINFUT;20/10/2025;146320,00;150095,00;146250,00;148815,00;2,289044378E12;77414063
WINFUT;13/10/2025;141550,00;146545,00;140500,00;146450,00;2,411055087E12;83728407
WINFUT;06/10/2025;144860,00;145335,00;140055,00;140350,00;2,370640827E12;83105955
WINFUT;29/09/2025;146635,00;149095,00;144210,00;144670,00;2,214543213E12;75691796
WINFUT;22/09/2025;146675,00;149000,00;145240,00;146360,00;2,209798462E12;75226290
WINFUT;15/09/2025;144150,00;147895,00;143930,00;146840,00;2,361978856E12;80799973
WINFUT;08/09/2025;144850,00;145695,00;142965,00;144165,00;2,137537113E12;74140812
WINFUT;01/09/2025;143905,00;145465,00;141550,00;144650,00;2,05879494E12;71992529
WINFUT;25/08/2025;140780,00;144775,00;139450,00;144095,00;1,977436219E12;69701314
WINFUT;18/08/2025;139295,00;140925,00;135900,00;140740,00;1,926557254E12;69662795
WINFUT;11/08/2025;136105,00;141445,00;135510,00;139395,00;1,933070221E12;69847877
WINFUT;04/08/2025;133400,00;137265,00;132600,00;136365,00;2,128882848E12;78890691
WINFUT;28/07/2025;134210,00;135870,00;132335,00;132990,00;2,037182142E12;76323747
WINFUT;21/07/2025;134140,00;136800,00;134040,00;134280,00;1,75644125E12;64915928
WINFUT;14/07/2025;137370,00;137720,00;134310,00;134725,00;1,899807799E12;69681093
WINFUT;07/07/2025;143360,00;143415,00;136755,00;137615,00;1,991700401E12;71250315
WINFUT;30/06/2025;139250,00;143825,00;138025,00;143815,00;1,868632005E12;65997403
WINFUT;23/06/2025;139695,00;140670,00;137735,00;139335,00;1,839228171E12;66122241
WINFUT;16/06/2025;137600,00;141960,00;137550,00;139710,00;1,411105569E12;50415536
WINFUT;09/06/2025;136775,00;138245,00;134520,00;137285,00;1,920777788E12;70140204
WINFUT;02/06/2025;138110,00;139570,00;136150,00;136800,00;1,748382749E12;63468441
WINFUT;26/05/2025;139200,00;141625,00;137535,00;138020,00;1,695908565E12;60707580
WINFUT;19/05/2025;140000,00;141740,00;135175,00;138830,00;1,972602996E12;70645220
WINFUT;12/05/2025;140305,00;141360,00;138060,00;140325,00;1,830382964E12;65417641
WINFUT;05/05/2025;136975,00;139620,00;134675,00;138220,00;1,894438711E12;69232846
WINFUT;28/04/2025;136890,00;138465,00;136115,00;137555,00;1,489597176E12;54283782
WINFUT;22/04/2025;132140,00;137430,00;130940,00;137265,00;1,582379021E12;58592148
WINFUT;14/04/2025;128600,00;132600,00;128425,00;131875,00;1,578651709E12;60582552
WINFUT;07/04/2025;125650,00;129960,00;122560,00;127920,00;2,371995685E12;94018651
WINFUT;31/03/2025;131935,00;133410,00;126825,00;127650,00;1,943260479E12;74274093
WINFUT;24/03/2025;133900,00;134640,00;131925,00;132720,00;1,764504178E12;66199438
WINFUT;17/03/2025;130085,00;134455,00;129890,00;133110,00;1,680217636E12;63279305
WINFUT;10/03/2025;126050,00;130550,00;123965,00;130085,00;1,786919094E12;70856363
WINFUT;05/03/2025;125190,00;127460,00;123705,00;126695,00;9,19863034E11;36730216
WINFUT;24/02/2025;129435,00;129775,00;124295,00;124850,00;1,617949798E12;63566266
WINFUT;17/02/2025;130450,00;131940,00;128445,00;129160,00;1,462168159E12;56178142
WINFUT;10/02/2025;125100,00;130940,00;124860,00;130455,00;1,534704749E12;60389802
WINFUT;03/02/2025;125715,00;126900,00;124320,00;124925,00;1,53682101E12;61066204
WINFUT;27/01/2025;122350,00;128015,00;122190,00;126750,00;1,592731035E12;63456838
WINFUT;20/01/2025;122910,00;124770,00;122245,00;123110,00;1,490954254E12;60326664
WINFUT;13/01/2025;119785,00;123960,00;119055,00;122875,00;1,597585012E12;65763159
WINFUT;06/01/2025;119925,00;122855,00;119655,00;120050,00;1,503787086E12;62100978
WINFUT;30/12/2024;121505,00;122410,00;119480,00;119500,00;8,209997483E11;33880349
WINFUT;23/12/2024;123450,00;123570,00;121305,00;121535,00;7,880301281E11;32174086
WINFUT;16/12/2024;124810,00;127030,00;122045,00;123945,00;1,831507296E12;73855846
WINFUT;09/12/2024;126740,00;131290,00;124590,00;125000,00;1,941994025E12;76144250
WINFUT;02/12/2024;126310,00;128395,00;125100,00;126100,00;1,953094255E12;77104668
WINFUT;25/11/2024;130295,00;130995,00;124405,00;126015,00;2,035625272E12;79273370
WINFUT;18/11/2024;128850,00;130435,00;127350,00;130160,00;1,605417859E12;62442115
WINFUT;11/11/2024;128450,00;129440,00;127820,00;128620,00;1,622242963E12;63028892
WINFUT;04/11/2024;130000,00;132665,00;128025,00;128870,00;2,251638986E12;86046535
WINFUT;28/10/2024;131600,00;133560,00;128995,00;129170,00;1,895513768E12;71747078
WINFUT;21/10/2024;132140,00;133115,00;130430,00;131480,00;2,12313073E12;80668792
WINFUT;14/10/2024;130100,00;134360,00;129420,00;132310,00;1,983054366E12;75115104
WINFUT;07/10/2024;131910,00;133350,00;129375,00;130270,00;1,942188989E12;74141296
WINFUT;30/09/2024;133715,00;135480,00;131335,00;132210,00;2,19014317E12;82299581
WINFUT;23/09/2024;131400,00;134595,00;130850,00;133370,00;1,944032953E12;73146285
WINFUT;16/09/2024;136240,00;136885,00;131610,00;131610,00;2,084992534E12;77236344
WINFUT;09/09/2024;136500,00;137085,00;134725,00;136015,00;1,842098781E12;67823468
WINFUT;02/09/2024;137250,00;138780,00;135600,00;135915,00;2,070253752E12;75532127
WINFUT;26/08/2024;137965,00;139425,00;136500,00;138025,00;2,058363292E12;74479894
WINFUT;19/08/2024;136355,00;139085,00;136325,00;137750,00;1,975891433E12;71638603
WINFUT;12/08/2024;131000,00;137050,00;130905,00;136205,00;1,816789228E12;67636936
WINFUT;05/08/2024;123790,00;131165,00;123130,00;130990,00;2,135383761E12;84027344
WINFUT;29/07/2024;128115,00;129325,00;126090,00;126775,00;1,811969121E12;71041279
WINFUT;22/07/2024;128400,00;128950,00;126185,00;128230,00;1,747125476E12;68522903
WINFUT;15/07/2024;129950,00;130595,00;127900,00;127900,00;1,868517814E12;72000360
WINFUT;08/07/2024;127600,00;130150,00;126790,00;130130,00;2,100115566E12;81722314
WINFUT;01/07/2024;125600,00;128240,00;125055,00;127760,00;2,121708305E12;83584101
WINFUT;24/06/2024;123090,00;126120,00;122820,00;125250,00;2,140402732E12;86004971
WINFUT;17/06/2024;121500,00;123395,00;120275,00;123190,00;2,088424902E12;85755655
WINFUT;10/06/2024;120695,00;124730,00;120315,00;121615,00;2,245513695E12;92322034
WINFUT;03/06/2024;122860,00;123465,00;120385,00;120605,00;2,157848295E12;88404688
WINFUT;27/05/2024;124810,00;126200,00;122215,00;122720,00;1,511674534E12;60968499
WINFUT;20/05/2024;129350,00;129530,00;124510,00;124510,00;2,303039779E12;90649429
WINFUT;13/05/2024;129270,00;129995,00;127610,00;129200,00;2,160287478E12;83722031
WINFUT;06/05/2024;130415,00;131515,00;128385,00;128730,00;2,089514321E12;80548927
WINFUT;29/04/2024;127990,00;130315,00;127115,00;130175,00;1,726088106E12;67138392
WINFUT;22/04/2024;127295,00;128250,00;125040,00;128000,00;2,178483517E12;86025597
WINFUT;15/04/2024;126565,00;127175,00;123755,00;126800,00;2,483008012E12;98746213
WINFUT;08/04/2024;127350,00;131380,00;125725,00;125970,00;2,428884461E12;94569086
WINFUT;01/04/2024;128890,00;130115,00;126590,00;127175,00;2,272098812E12;88842795
WINFUT;25/03/2024;127750,00;129015,00;126830,00;128740,00;1,358581071E12;53131648
WINFUT;18/03/2024;128200,00;130655,00;127270,00;127640,00;2,001769711E12;77826788
WINFUT;11/03/2024;127695,00;129740,00;127235,00;127490,00;2,06971662E12;80533455
WINFUT;04/03/2024;130680,00;130875,00;127100,00;128305,00;2,000921577E12;77190831
WINFUT;26/02/2024;131235,00;133600,00;130230,00;130500,00;1,88797226E12;71696014
WINFUT;19/02/2024;130465,00;133000,00;130085,00;131515,00;1,896006648E12;72075178
WINFUT;14/02/2024;129420,00;131165,00;128765,00;130830,00;1,025383083E12;39489111
WINFUT;05/02/2024;127320,00;131110,00;126610,00;128060,00;2,08438785E12;80868564
WINFUT;29/01/2024;129630,00;130060,00;126860,00;127580,00;2,179107755E12;84871721
WINFUT;22/01/2024;128450,00;130215,00;126580,00;129325,00;2,046333745E12;79516496
WINFUT;15/01/2024;131695,00;132830,00;127295,00;128250,00;1,922553739E12;74072169
WINFUT;08/01/2024;132840,00;134050,00;130950,00;132005,00;2,003444532E12;75673031
WINFUT;02/01/2024;135250,00;135350,00;131840,00;133520,00;1,604520825E12;59978162
