WINFUT;30/12/2025;173627,21;175077,38;173244,75;173988,42;4,705472964E11;13482582
WINFUT;29/12/2025;174073,41;174588,68;172485,13;173159,75;4,953111061E11;14286357
WINFUT;26/12/2025;173101,32;174360,26;172214,22;174285,89;4,352492741E11;12576287
WINFUT;23/12/2025;171305,87;173722,82;170939,35;173595,34;4,913427414E11;14223045
WINFUT;22/12/2025;172166,41;172548,88;170142,55;171093,40;5,352683549E11;15641312
WINFUT;19/12/2025;171258,07;172878,22;171034,96;171683,03;4,904644854E11;14265906
WINFUT;18/12/2025;170684,37;171932,69;169818,52;171380,24;5,887890759E11;17220599
WINFUT;17/12/2025;171576,79;171778,64;169568,86;170344,41;5,997892805E11;17583329
WINFUT;16/12/2025;175203,02;175311,67;170938,39;171220,88;6,381483793E11;18346181
WINFUT;15/12/2025;175556,14;177430,40;175306,24;176838,25;6,671580804E11;18892438
WINFUT;12/12/2025;173535,19;175594,17;173345,05;174963,98;6,4543111E11;18508570
WINFUT;11/12/2025;172361,74;174138,22;171726,12;173263,56;6,305153676E11;18206249
WINFUT;10/12/2025;173084,28;174149,08;171633,76;173366,78;7,781631257E11;22532272
WINFUT;09/12/2025;172177,03;173209,23;169096,72;171899,96;8,162754221E11;23815407
WINFUT;08/12/2025;173942,64;173958,94;171791,31;172606,21;7,038313219E11;20350172
WINFUT;05/12/2025;179549,14;180130,43;171090,50;172024,92;8,406733478E11;23764212
WINFUT;04/12/2025;176729,59;179826,20;176724,16;179570,87;6,905248759E11;19325362
WINFUT;03/12/2025;176430,80;176995,79;175985,32;176724,16;6,139937925E11;17396944
WINFUT;02/12/2025;173872,02;176479,69;173567,79;176311,28;6,236811868E11;17844228
WINFUT;01/12/2025;173844,85;174236,01;172698,56;173508,03;4,97615919E11;14342720
WINFUT;28/11/2025;173285,29;174757,54;173263,56;173953,51;4,657894524E11;13390817
WINFUT;27/11/2025;173643,85;173823,12;173067,98;173421,11;3,515089998E11;10133469
WINFUT;26/11/2025;171128,53;174002,40;171036,17;174002,40;5,777072984E11;16740509
WINFUT;25/11/2025;170460,31;171411,03;169536,76;170911,22;6,125590825E11;17974421
WINFUT;24/11/2025;170313,63;170949,25;169422,68;170558,10;5,247492837E11;15424527
WINFUT;21/11/2025;168629,51;170248,44;168439,37;169976,81;5,819109749E11;17168852
WINFUT;19/11/2025;172062,94;172149,87;169781,23;170454,88;5,463183166E11;15968808
WINFUT;18/11/2025;171780,45;172486,69;170715,65;171775,01;6,334000994E11;18434506
WINFUT;17/11/2025;173393,94;173486,30;172035,78;172584,48;6,00609125E11;17365159
WINFUT;14/11/2025;171992,32;174143,65;171742,42;173095,15;6,19002152E11;17874270
WINFUT;13/11/2025;173790,53;174165,38;172187,90;172801,79;6,362529606E11;18371316
WINFUT;12/11/2025;173844,85;174029,56;172334,58;173426,54;5,637761377E11;16273060
WINFUT;11/11/2025;171606,60;174502,21;171606,60;173665,58;6,758131946E11;19500981
WINFUT;10/11/2025;170693,92;171606,60;170226,71;171476,22;5,294346225E11;15503479
WINFUT;07/11/2025;169102,15;169879,02;167868,94;169759,50;5,548063236E11;16446808
WINFUT;06/11/2025;168906,57;170118,06;168906,57;169227,10;5,493098028E11;16211678
WINFUT;05/11/2025;166076,16;169487,87;165712,17;169406,38;6,428810101E11;19188558
WINFUT;04/11/2025;165098,28;166510,77;164880,98;166293,47;4,916118461E11;14825175
WINFUT;03/11/2025;165397,08;166483,61;165114,58;166239,14;4,668098017E11;14075029
WINFUT;31/10/2025;164593,05;165418,81;164451,80;165397,08;4,70054814E11;14254100
WINFUT;30/10/2025;164066,08;164929,87;162870,90;164891,84;4,88490745E11;14882389
WINFUT;29/10/2025;163484,79;164870,11;162778,54;164386,61;5,480640533E11;16698139
WINFUT;28/10/2025;162458,02;163549,98;161963,64;163387,00;4,727822711E11;14515360
WINFUT;27/10/2025;163061,04;163794,45;162409,12;162751,38;4,305899578E11;13212693
WINFUT;24/10/2025;161398,65;163082,77;161295,43;161692,01;4,30566512E11;13275481
WINFUT;23/10/2025;160763,03;162028,84;160556,59;161659,42;4,828326004E11;14960018
WINFUT;22/10/2025;159714,53;160746,73;159247,32;160714,14;5,601269109E11;17491964
WINFUT;21/10/2025;159828,61;160523,99;159334,24;159975,29;5,000469466E11;15638988
WINFUT;20/10/2025;158981,12;161040,09;158905,06;160045,92;5,135431925E11;16047612
WINFUT;17/10/2025;157421,95;159225,59;156547,29;159122,37;5,07558502E11;16047462
WINFUT;16/10/2025;158345,50;158845,30;156818,92;157557,76;5,474608057E11;17344967
WINFUT;15/10/2025;157704,45;158742,08;156465,80;158323,77;5,314186379E11;16834436
WINFUT;14/10/2025;156121,97;158453,97;156022,03;157454,54;5,500343204E11;17459999
WINFUT;13/10/2025;157188,03;158187,46;157110,30;157260,21;5,059846116E11;16041543
WINFUT;10/10/2025;157848,76;158448,42;155527,87;155855,46;6,010220798E11;19116664
WINFUT;09/10/2025;158687,17;159686,60;157476,75;157565,59;5,083294586E11;16042877
WINFUT;08/10/2025;157354,60;158553,92;157287,97;158231,88;4,788937117E11;15154265
WINFUT;07/10/2025;159520,03;159592,21;157043,67;157260,21;5,207266189E11;16472568
WINFUT;06/10/2025;160863,71;161391,19;159708,81;159975,33;5,235704144E11;16319581
WINFUT;03/10/2025;161019,18;161196,85;160141,90;160652,72;4,936385125E11;15362718
WINFUT;02/10/2025;162962,51;163551,06;160169,66;160713,79;5,388212992E11;16695516
WINFUT;01/10/2025;163467,78;164489,42;162029,71;162412,82;5,318268486E11;16303523
WINFUT;30/09/2025;163684,32;164833,66;162807,04;163390,04;4,50421188E11;13765079
WINFUT;29/09/2025;162834,81;165566,58;162818,15;163578,83;4,444916136E11;13564960
WINFUT;26/09/2025;162734,86;163428,91;162101,89;162529,42;4,148528444E11;12760173
WINFUT;25/09/2025;164350,61;165127,94;162251,80;162579,40;5,184463168E11;15875249
WINFUT;24/09/2025;163895,31;165461,08;163412,25;165238,99;5,000303987E11;15260996
WINFUT;23/09/2025;162279,57;164767,04;162174,07;163895,31;5,308642108E11;16227937
WINFUT;22/09/2025;162879,22;162990,27;161285,69;162401,72;4,897367548E11;15101935
WINFUT;19/09/2025;162940,30;164039,67;162612,71;163062,45;4,385300814E11;13420546
WINFUT;18/09/2025;163351,18;163678,77;162490,56;163356,73;4,496360702E11;13789702
WINFUT;17/09/2025;161463,37;164234,01;161146,88;163234,58;6,593071977E11;20255081
WINFUT;16/09/2025;161707,67;162418,38;161074,70;161546,65;5,456785882E11;16874758
WINFUT;15/09/2025;160075,27;161913,11;159830,96;160785,98;5,297714262E11;16459886
WINFUT;12/09/2025;160347,34;160874,81;159408,98;160091,93;4,403322451E11;13754057
WINFUT;11/09/2025;160075,27;161790,96;159220,20;160791,53;4,963154691E11;15432157
WINFUT;10/09/2025;159664,39;160930,34;158759,35;160280,71;4,9726746E11;15539743
WINFUT;09/09/2025;159830,96;160436,17;159175,78;159470,06;4,839598788E11;15154379
WINFUT;08/09/2025;160852,60;161046,94;158959,24;159675,50;4,558109011E11;14260476
WINFUT;05/09/2025;159064,74;161535,55;158975,90;160630,51;4,847588777E11;15113162
WINFUT;04/09/2025;157410,12;159347,91;157188,03;158759,35;4,599746767E11;14539994
WINFUT;03/09/2025;158465,08;158592,78;157232,45;157443,44;4,582584869E11;14520121
WINFUT;02/09/2025;158409,55;159075,84;157260,21;158242,98;5,161426525E11;16312820
WINFUT;01/09/2025;159803,20;160186,32;158837,09;159475,61;3,671098825E11;11506432
WINFUT;29/08/2025;158803,77;160769,32;158653,86;160014,19;4,218376304E11;13186821
WINFUT;28/08/2025;157854,32;160641,61;157815,45;159631,08;4,840978703E11;15181579
WINFUT;27/08/2025;155577,84;157426,78;154955,97;156921,52;4,689348207E11;15030335
WINFUT;26/08/2025;156049,79;156282,99;154856,03;155949,85;4,126163707E11;13263278
WINFUT;25/08/2025;156332,96;157226,90;156022,03;156410,70;4,084108897E11;13039301
WINFUT;22/08/2025;152318,59;156493,98;152140,91;156288,54;4,514718948E11;14594795
WINFUT;21/08/2025;152090,94;152762,78;150913,83;152290,83;2,63407324E11;8662577
WINFUT;20/08/2025;151907,71;152873,83;151535,70;152296,38;4,705185433E11;15455438
WINFUT;19/08/2025;155655,57;155688,89;151302,50;151569,02;5,257687125E11;17179543
WINFUT;18/08/2025;154683,90;156377,38;154306,34;155550,08;4,282311836E11;13770442
WINFUT;15/08/2025;154911,55;156377,38;153690,03;154794,95;4,101602629E11;13291750
WINFUT;14/08/2025;154889,34;155977,61;153784,42;154800,50;4,742061105E11;15309189
WINFUT;13/08/2025;156721,63;157071,43;154944,87;155105,88;3,773413031E11;12126011
WINFUT;12/08/2025;154679,43;157124,40;154378,77;156721,63;4,70184028E11;15047802
WINFUT;11/08/2025;154418,48;154804,23;153743,42;154129,17;4,339250668E11;14073125
WINFUT;08/08/2025;155099,22;155201,33;153981,68;154713,47;4,560144686E11;14746153
WINFUT;07/08/2025;153420,08;155734,57;153204,51;155501,98;4,971533503E11;16075606
WINFUT;06/08/2025;151757,95;153828,52;151735,26;152915,20;5,066489818E11;16548647
WINFUT;05/08/2025;150623,40;152767,71;150441,87;151485,66;5,073348035E11;16729636
WINFUT;04/08/2025;151349,52;152693,96;150685,80;151122,60;4,481811367E11;14790649
WINFUT;01/08/2025;150787,91;153709,39;150334,09;150884,35;4,941280042E11;16282806
WINFUT;31/07/2025;152007,56;152268,50;150351,11;151616,14;4,539742784E11;15005278
WINFUT;30/07/2025;151389,22;154151,86;150322,74;152665,60;5,546228327E11;18329610
WINFUT;29/07/2025;151065,88;152143,70;150634,75;151298,46;4,182290212E11;13812225
WINFUT;28/07/2025;152268,50;153034,33;150141,22;150969,44;3,903391932E11;12893828
WINFUT;25/07/2025;152631,56;153794,48;152115,34;152347,92;3,926916427E11;12857314
WINFUT;24/07/2025;154373,10;154480,88;152608,87;152705,31;3,788388054E11;12372466
WINFUT;23/07/2025;153930,63;155207,00;152603,20;154707,80;4,473626011E11;14524563
WINFUT;22/07/2025;153448,44;154736,16;152920,87;153817,17;3,900836418E11;12669967
WINFUT;21/07/2025;152189,09;154356,08;152075,63;153329,31;3,838009122E11;12491618
WINFUT;18/07/2025;154940,38;155025,47;152381,96;152852,80;4,367442227E11;14208242
WINFUT;17/07/2025;154537,61;155507,66;153885,24;155201,33;4,138751807E11;13358287
WINFUT;16/07/2025;155025,47;155751,59;153760,44;154860,96;4,68994157E11;15155740
WINFUT;15/07/2025;155297,76;156040,90;153902,26;155632,46;4,476940904E11;14457463
WINFUT;14/07/2025;155853,70;156250,79;154554,63;155138,93;3,881270562E11;12501361
WINFUT;11/07/2025;156681,92;156857,78;155439,58;156131,66;4,096765722E11;13124695
WINFUT;10/07/2025;155796,97;157561,20;155155,94;157220,83;4,452345971E11;14217536
WINFUT;09/07/2025;160289,80;160357,87;155609,77;156364,24;4,635912446E11;14619877
WINFUT;08/07/2025;160732,28;160987,55;159438,89;160255,77;4,755412945E11;14853931
WINFUT;07/07/2025;162649,67;162712,07;160136,64;160340,86;4,656481259E11;14434276
WINFUT;04/07/2025;161872,50;163177,24;161577,52;163165,90;2,99109434E11;9212872
WINFUT;03/07/2025;160153,66;162746,11;159818,96;162383,05;4,42523311E11;13689174
WINFUT;02/07/2025;160913,81;161333,59;159291,39;160465,66;5,169190933E11;16123132
WINFUT;01/07/2025;159858,67;161049,95;159660,12;160862,75;4,303301505E11;13400152
WINFUT;30/06/2025;157986,66;160482,68;156596,83;160102,60;4,311820936E11;13572073
WINFUT;27/06/2025;158383,75;158542,59;156908,83;158083,09;4,06694134E11;12888531
WINFUT;26/06/2025;157288,91;158553,93;156937,19;157958,29;4,165513421E11;13193476
WINFUT;25/06/2025;158043,38;158139,82;156267,81;156784,03;4,224610065E11;13448923
WINFUT;24/06/2025;158678,73;159597,72;157294,58;158043,38;4,245117889E11;13393477
WINFUT;23/06/2025;158491,53;158775,17;156931,52;157946,95;4,164855717E11;13197834
WINFUT;20/06/2025;160630,17;160817,37;158049,06;158508,55;3,798217085E11;11950298
WINFUT;18/06/2025;160760,64;161061,30;159972,13;160715,26;3,740851737E11;11654037
WINFUT;17/06/2025;161473,81;161641,47;159889,72;160652,86;4,291462269E11;13347934
WINFUT;16/06/2025;159103,45;162184,92;159045,64;162051,95;4,341395772E11;13463267
WINFUT;13/06/2025;158854,85;159508,15;158016,55;158739,22;4,572054738E11;14386162
WINFUT;12/06/2025;158213,12;159849,25;157276,54;159768,31;4,410372103E11;13896778
WINFUT;11/06/2025;158432,81;159508,15;156918,09;158779,69;4,618428126E11;14589989
WINFUT;10/06/2025;158155,30;159432,99;157831,55;158461,72;4,549502458E11;14338754
WINFUT;09/06/2025;158149,52;158640,94;155542,12;157588,73;4,059117399E11;12928521
WINFUT;06/06/2025;158872,20;159028,29;157426,85;158178,43;4,163101905E11;13158077
WINFUT;05/06/2025;159577,52;159855,03;157912,49;158334,53;4,3701805E11;13741920
WINFUT;04/06/2025;160317,54;161358,19;158918,45;159352,05;4,005376664E11;12497907
WINFUT;03/06/2025;159016,73;160230,82;158230,46;160132,54;3,595419968E11;11286564
WINFUT;02/06/2025;159693,15;161381,31;158687,19;158912,67;4,082034927E11;12783973
WINFUT;30/05/2025;161416,00;161930,54;159028,29;159589,09;4,182803695E11;13057022
WINFUT;29/05/2025;162572,28;162572,28;160531,45;161421,78;4,276367613E11;13245683
WINFUT;28/05/2025;162797,75;163127,29;161375,53;162208,05;3,44969817E11;10644307
WINFUT;27/05/2025;161901,64;163757,46;161901,64;162953,85;4,233884855E11;12993601
WINFUT;26/05/2025;160953,49;161838,04;160392,70;161207,87;3,46661371E11;10766967
WINFUT;23/05/2025;157762,17;160959,27;157207,16;160525,67;4,640003054E11;14575123
WINFUT;22/05/2025;160797,39;162051,95;156299,48;157588,73;5,258188116E11;16364717
WINFUT;21/05/2025;163346,98;163630,27;160479,42;160791,61;4,524177721E11;13977693
WINFUT;20/05/2025;163381,67;163878,87;162329,46;163612,92;3,990312073E11;12241512
WINFUT;19/05/2025;161878,51;163890,43;161757,10;163393,23;4,396035823E11;13486175
WINFUT;16/05/2025;162768,84;162861,34;160860,99;162254,30;4,288848032E11;13256634
WINFUT;15/05/2025;161618,35;163231,35;161381,31;163121,51;4,238089722E11;13049726
WINFUT;14/05/2025;162520,24;163069,47;161791,79;161953,67;4,231835361E11;13024902
WINFUT;13/05/2025;160375,35;163451,04;159941,75;162485,56;4,389324238E11;13566898
WINFUT;12/05/2025;162231,17;162236,96;159635,34;160282,85;4,01616466E11;12519481
WINFUT;09/05/2025;160490,98;160803,17;159456,11;159820,34;4,087781929E11;12763863
WINFUT;08/05/2025;157715,92;161439,13;157692,79;159982,22;4,892822983E11;15286787
WINFUT;07/05/2025;157253,41;157831,55;155721,35;156548,08;4,794875579E11;15321888
WINFUT;06/05/2025;156444,02;157507,79;156282,14;156866,06;4,152396571E11;13233269
WINFUT;05/05/2025;158380,78;158941,57;156444,02;156444,02;3,977045584E11;12627039
WINFUT;02/05/2025;158687,19;159051,42;157692,79;159051,42;4,192375846E11;13246304
WINFUT;30/04/2025;158588,91;159149,70;157386,38;158178,43;4,948448479E11;15631306
WINFUT;29/04/2025;158716,10;160103,63;158577,35;158895,32;4,050590045E11;12713209
WINFUT;28/04/2025;158282,50;159646,90;158224,68;158727,66;4,032426504E11;12692963
WINFUT;25/04/2025;158114,84;158906,88;157831,55;158716,10;4,284894244E11;13527456
WINFUT;24/04/2025;155848,54;158860,63;155721,35;158467,50;4,710159852E11;14973591
WINFUT;23/04/2025;155085,39;156987,47;155068,05;156114,48;4,766251641E11;15266882
WINFUT;22/04/2025;152790,19;154171,94;151402,66;153911,78;4,535348489E11;14824219
WINFUT;17/04/2025;151304,38;153322,08;150627,95;152483,78;4,422925349E11;14547931
WINFUT;16/04/2025;152073,30;152703,47;150755,14;150974,84;4,497382126E11;14829966
WINFUT;15/04/2025;152458,63;153100,49;151869,75;152252,52;4,429920027E11;14527426
WINFUT;14/04/2025;151457,55;153253,60;151251,44;152493,96;5,076601199E11;16677229
WINFUT;11/04/2025;149667,38;151386,88;148513,19;150656,68;4,808474344E11;16042050
WINFUT;10/04/2025;149743,93;151039,45;147288,34;149025,51;5,426005439E11;18183647
WINFUT;09/04/2025;144879,86;153059,27;144343,99;150220,92;5,979314489E11;20281068
WINFUT;08/04/2025;149926,48;150727,35;145621,84;146039,93;5,618175386E11;18956798
WINFUT;07/04/2025;147983,21;151958,09;146304,93;148265,87;6,104005734E11;20555088
WINFUT;04/04/2025;152753,06;152988,61;149367,05;150338,69;4,952961646E11;16430319
WINFUT;03/04/2025;153506,82;156792,71;153347,82;155308,76;4,949630093E11;15944876
WINFUT;02/04/2025;154902,44;157122,48;154001,47;154001,47;4,649032367E11;14995530
WINFUT;01/04/2025;154437,23;156245,06;153842,47;155108,54;4,323937929E11;13937774
WINFUT;31/03/2025;155385,31;155662,08;154054,46;154237,01;4,01102131E11;12965594
WINFUT;28/03/2025;157517,02;157581,80;155497,20;156309,84;4,265516628E11;13628018
WINFUT;27/03/2025;157440,47;158571,10;156922,27;157623,02;4,18590369E11;13264875
WINFUT;26/03/2025;156851,60;157670,13;156174,40;156875,16;4,142828756E11;13182091
WINFUT;25/03/2025;155697,41;158353,22;155567,86;156869,27;4,091218546E11;13028493
WINFUT;24/03/2025;157699,57;157988,12;155373,54;156015,40;4,095828741E11;13095961
WINFUT;21/03/2025;156580,72;157505,25;156186,18;156769,16;3,926069235E11;12518206
WINFUT;20/03/2025;157334,47;157764,35;156515,94;156951,71;3,944689296E11;12557538
WINFUT;19/03/2025;156097,85;158353,22;156086,07;157970,46;4,000298599E11;12718968
WINFUT;18/03/2025;155302,87;156828,05;154861,22;156439,39;4,080286066E11;13081439
WINFUT;17/03/2025;153206,49;156268,62;152976,83;155815,19;3,837275659E11;12403154
WINFUT;14/03/2025;150067,81;153754,14;149991,26;153206,49;3,95513489E11;13004558
WINFUT;13/03/2025;147011,57;149796,93;146811,36;149655,60;3,84113842E11;12927335
WINFUT;12/03/2025;147571,00;148130,43;146463,92;147247,12;4,238373935E11;14399383
WINFUT;11/03/2025;148701,63;148778,18;145998,71;147406,11;4,503679118E11;15298633
WINFUT;10/03/2025;148454,30;148813,52;147094,01;148236,42;4,506959753E11;15226454
WINFUT;07/03/2025;147400,23;150114,92;145692,50;149213,95;4,52355225E11;15278679
WINFUT;06/03/2025;146617,03;148171,65;146299,04;147288,34;4,448929076E11;15117257
WINFUT;05/03/2025;147441,45;147571,00;146540,47;146982,13;1,86112653E11;6334280
WINFUT;28/02/2025;148854,74;149155,06;146387,37;147041,01;3,771422437E11;12753126
WINFUT;27/02/2025;148513,19;149932,37;148218,76;149001,95;3,705140325E11;12435527
WINFUT;26/02/2025;151127,78;152087,64;149037,29;149437,72;3,839994418E11;12774198
WINFUT;25/02/2025;150303,36;151634,21;150209,14;150533,02;3,89094523E11;12895659
WINFUT;24/02/2025;152440,96;152841,39;149649,71;150220,92;3,847762331E11;12707756
WINFUT;21/02/2025;152541,07;152811,95;151275,00;152117,08;3,310873655E11;10882495
WINFUT;20/02/2025;152753,06;153106,38;152040,53;152482,18;3,397383529E11;11135282
WINFUT;19/02/2025;153813,03;153836,58;152105,30;152387,96;3,469108191E11;11352296
WINFUT;18/02/2025;154637,45;155002,55;153453,82;154013,24;3,785282462E11;12275010
WINFUT;17/02/2025;153636,37;155391,20;153601,03;154142,80;3,257912032E11;10533059
WINFUT;14/02/2025;149596,71;154213,46;149567,27;153642,26;3,815645668E11;12549686
WINFUT;13/02/2025;149490,72;149914,70;148436,64;149738,04;3,540730902E11;11873801
WINFUT;12/02/2025;151963,97;152329,07;148884,18;148884,18;4,197307754E11;14004259
WINFUT;11/02/2025;150979,00;152479,79;150756,88;151987,53;3,226315529E11;10632093
WINFUT;10/02/2025;150198,59;151867,47;149910,44;150858,94;3,421578144E11;11329963
WINFUT;07/02/2025;151741,40;152173,63;149262,10;149988,48;3,886782325E11;12885957
WINFUT;06/02/2025;151219,13;152053,56;150558,78;151423,23;3,664177444E11;12114749
WINFUT;05/02/2025;150738,88;151423,23;149892,43;151129,08;3,480403929E11;11541640
WINFUT;04/02/2025;151879,47;151921,49;150036,51;150618,81;3,589862072E11;11894790
WINFUT;03/02/2025;150936,98;152359,72;150636,82;151783,42;3,830281259E11;12629068
WINFUT;31/01/2025;152851,98;153698,42;151885,48;152179,63;3,770876063E11;12327484
WINFUT;30/01/2025;149418,18;153368,25;149172,06;153014,07;4,487579703E11;14811348
WINFUT;29/01/2025;149910,44;150720,87;148577,74;148817,87;3,478830851E11;11627269
WINFUT;28/01/2025;150378,69;150804,91;149460,21;149748,36;3,350622025E11;11165109
WINFUT;27/01/2025;146896,87;150864,94;146704,76;150678,84;4,034869939E11;13525628
WINFUT;24/01/2025;148097,49;148355,63;147425,14;147809,34;3,0541058E11;10329111
WINFUT;23/01/2025;148637,78;149754,36;147473,17;147815,35;3,940464376E11;13262313
WINFUT;22/01/2025;149154,05;149802,39;148409,66;148589,75;3,595125381E11;12057737
WINFUT;21/01/2025;148205,55;149250,10;147527,19;148925,93;3,546988065E11;11958274
WINFUT;20/01/2025;147569,22;148949,94;146770,80;148499,70;3,764134186E11;12719229
WINFUT;17/01/2025;147155,00;148343,62;146248,53;147527,19;3,837567769E11;13021491
WINFUT;16/01/2025;147857,37;148181,54;145990,39;146434,62;3,846311594E11;13076160
WINFUT;15/01/2025;144399,56;148829,88;144399,56;148265,58;4,272521885E11;14584454
WINFUT;14/01/2025;144351,53;144687,71;142940,80;144465,59;3,840985478E11;13342447
WINFUT;13/01/2025;143817,25;144855,80;143553,12;143799,24;3,38367008E11;11738607
WINFUT;10/01/2025;145408,09;145780,28;143661,17;144135,42;3,467218021E11;12011941
WINFUT;09/01/2025;145005,88;145456,11;144645,69;144975,86;3,149155712E11;10856168
WINFUT;08/01/2025;146716,77;146896,87;144519,62;145023,89;3,65417527E11;12567759
WINFUT;07/01/2025;145348,05;147503,18;145173,96;146986,91;3,98515483E11;13582809
WINFUT;06/01/2025;143985,34;145840,31;143865,28;145372,07;3,799188576E11;13082301
WINFUT;03/01/2025;145594,18;145954,37;143451,06;143475,07;3,331537225E11;11517183
WINFUT;02/01/2025;146224,51;146926,88;144435,58;145708,24;3,551118792E11;12191969
WINFUT;30/12/2024;145882,33;146968,90;145768,27;146020,41;2,974498805E11;10171197
WINFUT;27/12/2024;147082,96;147767,32;145642,21;145918,35;3,20024836E11;10907429
WINFUT;26/12/2024;146722,77;147809,34;146068,43;147245,05;3,178688491E11;10809641
WINFUT;23/12/2024;148217,56;148361,63;146590,70;146686,76;3,082375401E11;10457016
WINFUT;20/12/2024;147197,02;148853,89;146920,88;148811,87;3,819714195E11;12929267
WINFUT;19/12/2024;148697,81;148763,84;147437,15;147665,27;4,360609024E11;14729387
WINFUT;18/12/2024;152185,63;152515,81;146530,67;147887,38;4,81189913E11;16089922
WINFUT;17/12/2024;150598,02;152920,54;150561,45;152359,72;5,112987397E11;16860939
WINFUT;16/12/2024;152164,66;152420,68;150348,09;150518,78;4,02333682E11;13246331
WINFUT;13/12/2024;153987,32;154286,01;151896,44;152396,30;4,393299292E11;14333186
WINFUT;12/12/2024;158809,13;159077,35;153554,51;153932,45;5,504079117E11;17730321
WINFUT;11/12/2024;156370,79;160064,88;155474,70;158559,20;5,505706366E11;17539381
WINFUT;10/12/2024;156370,79;156968,19;155883,13;156620,72;4,404411824E11;14079070
WINFUT;09/12/2024;154517,66;155773,40;154231,15;155310,12;3,868719523E11;12462292
WINFUT;06/12/2024;156011,14;156072,10;153597,18;153737,39;4,632090237E11;14965971
WINFUT;05/12/2024;154395,74;156535,38;153944,65;156443,94;4,648922658E11;14914516
WINFUT;04/12/2024;154023,89;155005,32;153591,09;154176,29;4,610269872E11;14934182
WINFUT;03/12/2024;153804,44;154621,28;153249,72;153993,41;4,910063127E11;15951809
WINFUT;02/12/2024;153993,41;154090,95;152518,22;153127,80;5,010200939E11;16338190
WINFUT;29/11/2024;153182,66;154438,41;151670,89;153633,76;5,112791299E11;16728671
WINFUT;28/11/2024;156358,60;156358,60;152134,18;152725,47;4,503963828E11;14567889
WINFUT;27/11/2024;159223,65;159607,69;155901,41;156139,15;5,890840902E11;18635662
WINFUT;26/11/2024;157821,61;159705,23;157650,92;159363,86;4,782926927E11;15043141
WINFUT;25/11/2024;158851,81;158894,48;157949,62;158077,63;4,527217597E11;14298007
WINFUT;22/11/2024;155761,21;159022,49;155669,77;158687,22;5,152023806E11;16404347
WINFUT;21/11/2024;157151,06;157474,14;155261,35;155694,15;5,248562093E11;16822335
WINFUT;19/11/2024;156529,29;157858,18;156108,67;157589,96;4,782768057E11;15218073
WINFUT;18/11/2024;157090,10;157632,64;156181,82;156760,93;4,389425203E11;13997360
WINFUT;14/11/2024;157352,23;157809,42;156480,52;156809,70;4,734199011E11;15064561
WINFUT;13/11/2024;157029,15;157547,29;155834,36;156974,28;5,403010471E11;17251497
WINFUT;12/11/2024;156687,78;157577,77;156334,22;156907,23;4,761064422E11;15163008
WINFUT;11/11/2024;156602,44;157535,10;156334,22;157151,06;4,87963195E11;15549826
WINFUT;08/11/2024;158614,07;158906,67;156084,29;157114,49;5,679053096E11;18072148
WINFUT;07/11/2024;159894,20;161741,24;159229,75;159632,07;6,057074667E11;18885137
WINFUT;06/11/2024;159290,71;160954,87;158223,93;159028,59;6,107184638E11;19143009
WINFUT;05/11/2024;160839,05;161253,57;159869,81;160845,15;4,667010845E11;14527739
WINFUT;04/11/2024;158492,15;161137,75;158492,15;160924,40;4,940992546E11;15418502
WINFUT;01/11/2024;160278,24;160485,49;157266,88;157480,24;4,464331917E11;14030059
WINFUT;31/10/2024;160857,34;161338,91;159747,90;159882,00;4,504203705E11;14017168
WINFUT;30/10/2024;161235,28;161802,20;160790,29;161101,18;4,270461675E11;13231124
WINFUT;29/10/2024;162302,06;162740,96;161332,82;161424,26;5,160020217E11;15915383
WINFUT;28/10/2024;160442,82;162832,40;160144,13;162631,23;4,71052507E11;14553344
WINFUT;25/10/2024;161296,24;161369,39;160296,52;160296,52;4,809659031E11;14956968
WINFUT;24/10/2024;160095,36;161192,61;159235,84;161149,94;5,304374217E11;16581587
WINFUT;23/10/2024;160333,10;160357,48;159016,39;159467,49;5,255788412E11;16463964
WINFUT;22/10/2024;160991,45;161168,23;159662,55;161076,79;5,635577418E11;17570164
WINFUT;21/10/2024;161101,18;162289,87;160942,68;161198,71;4,87918211E11;15096109
WINFUT;18/10/2024;162722,67;163149,38;161076,79;161308,43;4,610432441E11;14242257
WINFUT;17/10/2024;162564,18;162673,91;160857,34;162174,05;4,512019838E11;13955717
WINFUT;16/10/2024;162381,30;163807,73;162039,94;162716,58;5,185361618E11;15923640
WINFUT;15/10/2024;162024,44;162917,61;161522,02;162216,72;4,86124339E11;14978275
WINFUT;14/10/2024;161391,77;162843,18;160548,22;162743,94;5,180583511E11;16015215
WINFUT;11/10/2024;161689,49;162440,01;160492,39;161602,66;4,297855944E11;13323547
WINFUT;10/10/2024;161565,44;162067,85;161137,46;161856,97;4,212694042E11;13029951
WINFUT;09/10/2024;163438,63;163531,67;161094,04;161273,92;5,185114529E11;16024726
WINFUT;08/10/2024;162985,84;163668,13;162012,03;163531,67;5,38284011E11;16516312
WINFUT;07/10/2024;163637,11;165423,46;163562,68;164139,52;5,014755797E11;15246760
WINFUT;04/10/2024;163934,84;164493,07;162923,81;164009,27;4,79095629E11;14638639
WINFUT;03/10/2024;166074,74;166155,37;163178,12;163649,52;6,065641144E11;18497900
WINFUT;02/10/2024;165882,46;168065,77;165789,42;166403,47;5,709896091E11;17091496
WINFUT;01/10/2024;164300,79;166217,40;164207,75;165590,93;6,380986783E11;19295865
WINFUT;30/09/2024;165876,25;166471,70;164313,20;164586,11;4,221703566E11;12775681
WINFUT;27/09/2024;165733,59;166967,91;165119,54;165448,27;4,69810648E11;14158893
WINFUT;26/09/2024;165361,44;166229,80;164672,95;165652,96;5,005955813E11;15120542
WINFUT;25/09/2024;165448,27;166037,52;163953,45;164282,18;4,834449843E11;14665408
WINFUT;24/09/2024;164480,67;166062,33;164164,33;164865,23;4,96009594E11;15030579
WINFUT;23/09/2024;163004,45;163438,63;162322,16;162954,83;4,617527109E11;14170863
WINFUT;20/09/2024;165907,27;166372,46;163264,96;163264,96;5,31469318E11;16117437
WINFUT;19/09/2024;168400,71;168934,14;165820,43;165876,25;5,294179785E11;15813563
WINFUT;18/09/2024;168760,46;169014,77;166788,04;166974,11;6,297709359E11;18753853
WINFUT;17/09/2024;169393,13;169622,63;167644,00;169064,39;5,020618671E11;14908552
WINFUT;16/09/2024;169008,57;169808,70;168524,76;169027,18;3,937567255E11;11642939
WINFUT;13/09/2024;167780,45;170056,81;167588,17;168729,45;4,442097831E11;13138905
WINFUT;12/09/2024;169064,39;169076,80;167129,18;167792,86;4,555504339E11;13570744
WINFUT;11/09/2024;168586,79;169095,40;167488,93;168437,93;5,112641093E11;15175263
WINFUT;10/09/2024;168388,31;168890,72;167513,74;168239,45;4,587326741E11;13648682
WINFUT;09/09/2024;169331,10;169703,26;168524,76;168524,76;4,154050469E11;12289874
WINFUT;06/09/2024;170943,78;172159,49;168276,66;168605,40;5,457968905E11;16053428
WINFUT;05/09/2024;171005,81;171613,66;170286,30;171520,62;5,068703325E11;14828342
WINFUT;04/09/2024;168561,98;171762,52;168406,92;171092,64;5,588799285E11;16378346
WINFUT;03/09/2024;168332,48;169442,75;168214,63;168983,76;5,47177346E11;16195516
WINFUT;02/09/2024;170261,49;170553,02;168865,91;168983,76;4,094685602E11;12076495
WINFUT;30/08/2024;170943,78;172420,00;169331,10;171222,90;5,585434884E11;16395710
WINFUT;29/08/2024;172823,17;172959,63;170447,57;170534,41;5,2189946E11;15230888
WINFUT;28/08/2024;171514,42;172779,75;170596,43;172637,09;5,469100879E11;15927382
WINFUT;27/08/2024;172122,28;172519,24;171762,52;171967,21;4,466656556E11;12970487
WINFUT;26/08/2024;171148,47;172370,38;170906,57;172196,71;4,794240023E11;13955427
WINFUT;23/08/2024;170894,16;171793,54;170348,33;170881,75;4,695592932E11;13720205
WINFUT;22/08/2024;172091,26;172097,47;169628,83;170385,55;5,296495543E11;15525872
WINFUT;21/08/2024;171923,79;172537,85;171514,42;172140,88;4,629597815E11;13459786
WINFUT;20/08/2024;171253,91;171849,36;170453,77;171706,70;5,120343242E11;14952641
WINFUT;19/08/2024;169151,23;171681,89;169114,01;171495,81;4,769316758E11;13980099
WINFUT;16/08/2024;168958,95;170013,39;168748,06;168965,15;4,426635449E11;13068829
WINFUT;15/08/2024;167978,94;169666,04;167910,71;169238,06;4,623701541E11;13683443
WINFUT;14/08/2024;167060,95;168723,25;166825,25;167780,45;4,511847623E11;13447861
WINFUT;13/08/2024;165780,25;167141,58;165729,83;167141,58;4,592301249E11;13779992
WINFUT;12/08/2024;165124,79;166158,40;165005,05;165660,50;4,52767878E11;13656811
WINFUT;09/08/2024;162395,82;165332,77;162143,72;165112,19;5,000794254E11;15270633
WINFUT;08/08/2024;160587,01;162937,83;160580,71;162805,48;4,63163599E11;14307635
WINFUT;07/08/2024;159956,76;161198,35;159710,97;160939,95;5,543951111E11;17278055
WINFUT;06/08/2024;158885,34;160385,33;157996,70;159112,23;5,769628085E11;18152758
WINFUT;05/08/2024;156036,63;159559,71;155204,70;158954,67;5,970387593E11;19018263
WINFUT;02/08/2024;160479,87;161885,32;158935,76;159799,20;5,137925968E11;16045512
WINFUT;01/08/2024;161318,10;163013,46;160731,97;160977,77;5,146040431E11;15908317
WINFUT;31/07/2024;160587,01;161715,15;160152,14;161475,66;4,517173171E11;14021787
WINFUT;30/07/2024;160738,27;160921,04;159358,03;159969,37;4,001920955E11;12515325
WINFUT;29/07/2024;161488,27;161746,67;160234,07;161084,91;4,036712428E11;12550338
WINFUT;26/07/2024;160208,86;161815,99;159578,62;161633,22;4,38471565E11;13652924
WINFUT;25/07/2024;159761,39;159925,25;159055,51;159578,62;4,333634196E11;13581983
WINFUT;24/07/2024;160089,12;160681,55;159887,44;160341,22;4,436816451E11;13842470
WINFUT;23/07/2024;161929,44;161979,86;159704,67;159937,86;4,553516297E11;14140744
WINFUT;22/07/2024;161847,51;162540,78;161513,48;162345,40;4,313739714E11;13304782
WINFUT;19/07/2024;162654,22;163051,28;161217,26;161217,26;3,504923137E11;10801891
WINFUT;18/07/2024;164147,91;164450,43;161822,30;162918,93;5,350417891E11;16420858
WINFUT;17/07/2024;163839,09;164614,29;163448,33;164261,35;4,78039718E11;14561788
WINFUT;16/07/2024;164116,40;164576,48;163523,96;164286,56;5,176377227E11;15769347
WINFUT;15/07/2024;163801,27;164582,78;163549,17;164538,66;4,740450737E11;14446476
WINFUT;12/07/2024;163133,21;164053,37;162685,74;164028,16;5,084508058E11;15553107
WINFUT;11/07/2024;161847,51;163252,96;161752,97;163196,24;5,397678318E11;16579909
WINFUT;10/07/2024;162131,12;162660,53;161418,94;161544,99;5,375404011E11;16598205
WINFUT;09/07/2024;160933,65;162099,61;160221,47;161942,04;5,405465077E11;16765785
WINFUT;08/07/2024;160839,11;161147,93;159818,11;160939,95;5,208787875E11;16225308
WINFUT;05/07/2024;160839,11;161639,53;159780,30;161040,79;5,213980263E11;16236118
WINFUT;04/07/2024;161343,31;161645,83;160549,20;160757,18;4,344681261E11;13497853
WINFUT;03/07/2024;159736,18;161343,31;159647,94;160839,11;5,156057036E11;16038544
WINFUT;02/07/2024;158444,17;160019,79;158248,79;159427,36;5,979084062E11;18780540
WINFUT;01/07/2024;158318,12;159723,57;157631,15;158721,48;6,050216019E11;19031046
WINFUT;28/06/2024;158614,34;158973,58;157183,68;157876,95;5,934026506E11;18764951
WINFUT;27/06/2024;156364,36;158822,32;156364,36;158696,27;5,731307467E11;18176305
WINFUT;26/06/2024;156490,40;156767,71;154864,37;156767,71;5,550427595E11;17816751
WINFUT;25/06/2024;156345,45;156818,13;155696,29;156421,08;4,978278545E11;15935408
WINFUT;24/06/2024;155154,28;156918,97;154813,95;156729,90;4,785620773E11;15311556
WINFUT;21/06/2024;153906,39;155355,96;153402,19;155280,33;5,198166882E11;16811937
WINFUT;20/06/2024;155381,17;155538,73;153490,43;153893,79;6,120131117E11;19807075
WINFUT;19/06/2024;153150,09;154725,71;152078,67;154725,71;4,6617128E11;15251034
WINFUT;18/06/2024;151952,62;153584,96;151605,99;153074,46;5,32703666E11;17430345
WINFUT;17/06/2024;153150,09;153666,90;151757,25;152355,98;5,017435687E11;16455264
WINFUT;14/06/2024;152898,00;153931,60;152003,04;153295,05;5,28017465E11;17268747
WINFUT;13/06/2024;153566,06;154108,07;152551,36;153017,74;5,820110933E11;18977298
WINFUT;12/06/2024;155671,08;157221,49;152929,51;153313,96;6,578987323E11;21300955
WINFUT;11/06/2024;154373,25;156141,18;154136,25;155910,58;5,346818263E11;17193669
WINFUT;10/06/2024;154623,07;155654,36;154392,47;155129,10;5,452229377E11;17581365
WINFUT;07/06/2024;157511,96;158120,48;154225,92;154507,77;5,972671485E11;19147888
WINFUT;06/06/2024;155910,58;158171,73;155507,03;157582,42;5,372602863E11;17099724
WINFUT;05/06/2024;156685,65;156781,73;155539,06;155673,57;5,43159547E11;17394471
WINFUT;04/06/2024;155936,20;156628,00;155167,54;156352,56;5,676949172E11;18207999
WINFUT;03/06/2024;157396,66;157473,53;155949,01;156301,31;5,190500924E11;16554606
WINFUT;31/05/2024;158024,40;158165,32;156570,35;157217,31;4,665094756E11;14834537
WINFUT;29/05/2024;158498,41;158684,17;157403,07;158024,40;5,052432989E11;15995545
WINFUT;28/05/2024;160669,89;161675,55;158652,14;158812,28;6,119426187E11;19105521
WINFUT;27/05/2024;159894,82;160247,12;159561,73;160138,23;3,529196373E11;11032896
WINFUT;24/05/2024;160970,95;161316,84;159510,48;159510,48;4,819159436E11;15000906
WINFUT;23/05/2024;161611,50;161995,83;160099,79;160714,72;6,096617891E11;18948087
WINFUT;22/05/2024;163981,54;164032,79;160906,89;161009,38;6,64082949E11;20421977
WINFUT;21/05/2024;164750,21;165198,59;163808,59;164244,17;6,623729572E11;20138260
WINFUT;20/05/2024;165711,04;165941,64;164192,93;164596,47;5,324040056E11;16140199
WINFUT;17/05/2024;165711,04;165743,06;164519,61;165518,87;4,862485538E11;14725415
WINFUT;16/05/2024;165480,44;166537,35;164878,32;165397,17;5,654931152E11;17079908
WINFUT;15/05/2024;164276,20;165646,98;163481,91;165531,68;6,233193335E11;18933286
WINFUT;14/05/2024;164897,53;166498,92;164634,91;166204,26;5,883110598E11;17749580
WINFUT;13/05/2024;165608,55;166185,05;164814,26;165646,98;5,041847801E11;15233842
WINFUT;10/05/2024;166031,31;166575,78;164654,12;164916,75;5,400361494E11;16316176
WINFUT;09/05/2024;166031,31;166120,99;164474,77;166095,37;5,931227313E11;17949244
WINFUT;08/05/2024;166415,64;168484,63;165454,82;167728,78;5,381970275E11;16143965
WINFUT;07/05/2024;166120,99;167792,83;166031,31;166998,55;5,08627281E11;15216862
WINFUT;06/05/2024;167075,41;167165,09;165877,58;166120,99;4,96905751E11;14922680
WINFUT;03/05/2024;164558,04;166947,30;163782,97;166767,95;5,749890273E11;17298272
WINFUT;02/05/2024;164205,74;165307,49;163827,81;164327,44;5,707662677E11;17341469
WINFUT;30/04/2024;164391,50;164775,83;162847,77;163148,83;5,467826314E11;16713161
WINFUT;29/04/2024;163968,73;164974,40;163622,83;164865,51;5,187635778E11;15785490
WINFUT;26/04/2024;162380,16;164301,82;161739,61;163981,54;4,786132154E11;14647066
WINFUT;25/04/2024;161310,44;163027,12;160189,47;161278,41;6,11635844E11;18969149
WINFUT;24/04/2024;162751,68;163084,77;161425,74;161694,77;5,475862672E11;16893214
WINFUT;23/04/2024;162732,47;163257,72;161111,87;162149,56;6,012351973E11;18547068
WINFUT;22/04/2024;163078,36;163539,56;161579,47;163193,66;5,517973695E11;16969100
WINFUT;19/04/2024;160631,45;162918,23;160586,61;162444,22;5,722651862E11;17647919
WINFUT;18/04/2024;161893,34;162469,84;160125,42;161214,36;6,373273287E11;19756848
WINFUT;17/04/2024;162303,30;162924,63;160496,94;161329,65;6,034261919E11;18675733
WINFUT;16/04/2024;162677,08;162709,57;160825,23;161163,11;7,218114952E11;22300737
WINFUT;15/04/2024;164476,95;164762,85;162540,63;162677,08;6,658556637E11;20364976
WINFUT;12/04/2024;166016,91;166172,86;163385,33;163703,72;6,372771644E11;19317482
WINFUT;11/04/2024;166276,82;166764,15;165250,18;165614,05;6,085792939E11;18344992
WINFUT;10/04/2024;169720,62;170734,26;166231,34;166764,15;7,368642051E11;21974326
WINFUT;09/04/2024;168096,19;169441,21;167946,74;169304,76;6,327476845E11;18746052
WINFUT;08/04/2024;165497,09;168375,59;165068,24;167628,35;5,409770507E11;16186234
WINFUT;05/04/2024;166192,35;166861,62;164697,87;165269,67;6,720433478E11;20312129
WINFUT;04/04/2024;166263,83;169090,34;165763,50;165899,95;7,23726591E11;21602661
WINFUT;03/04/2024;165802,49;166614,70;164509,44;165964,93;5,749200548E11;17361320
WINFUT;02/04/2024;165886,96;166549,73;165152,72;166029,91;5,317591618E11;16039906
WINFUT;01/04/2024;167498,39;167979,23;165438,62;165692,03;4,502461897E11;13526779
WINFUT;28/03/2024;166270,32;167660,84;166101,38;167303,46;4,288403532E11;12839046
WINFUT;27/03/2024;166081,89;166965,58;164821,33;166367,79;4,857046066E11;14641978
WINFUT;26/03/2024;165886,96;166263,83;165178,71;165867,47;4,35524173E11;13132040
WINFUT;25/03/2024;166016,91;166289,82;165425,62;165776,50;4,154685204E11;12518584
WINFUT;22/03/2024;167426,92;167459,41;165854,47;165873,96;4,962967955E11;14898434
WINFUT;21/03/2024;169369,74;169603,66;167420,42;167491,90;4,339575611E11;12895767
WINFUT;20/03/2024;166939,59;169792,09;166562,72;169467,21;6,307058755E11;18802334
WINFUT;19/03/2024;166140,37;167608,86;165821,98;167102,03;5,529606883E11;16561726
WINFUT;18/03/2024;166601,71;167095,54;165393,13;166088,39;4,874695102E11;14668527
WINFUT;15/03/2024;167550,38;167719,32;165640,04;165679,03;4,971526201E11;14928572
WINFUT;14/03/2024;168356,09;168395,08;166692,68;167641,34;5,723181003E11;17081901
WINFUT;13/03/2024;167563,37;168603,01;166965,58;168063,70;5,123010174E11;15258994
WINFUT;12/03/2024;166172,86;168063,70;166088,39;167517,89;5,70451263E11;17066098
WINFUT;11/03/2024;165945,44;166653,69;165347,65;165770,00;5,374675174E11;16197890
WINFUT;08/03/2024;165692,03;167485,40;165172,21;166738,16;6,233034988E11;18711194
WINFUT;07/03/2024;169694,63;169740,11;168122,18;168531,53;4,812488141E11;14259949
WINFUT;06/03/2024;169168,31;169948,04;168784,94;169285,27;5,563939201E11;16424386
WINFUT;05/03/2024;168551,03;169616,65;167992,22;168616,00;5,282395512E11;15648447
WINFUT;04/03/2024;169824,58;170077,99;168603,01;168700,47;4,111024585E11;12146855
WINFUT;01/03/2024;170201,45;170649,79;169239,79;169590,66;4,775270502E11;14040165
WINFUT;29/02/2024;171799,89;171890,86;169291,77;169980,53;5,334904703E11;15682471
WINFUT;28/02/2024;172709,57;172943,49;170786,24;171312,56;5,436231772E11;15803034
WINFUT;27/02/2024;171345,05;173619,25;171319,06;173326,86;4,504969193E11;13034020
WINFUT;26/02/2024;170545,83;171260,58;170058,50;170610,81;4,483678712E11;13136324
WINFUT;23/02/2024;171877,86;172163,76;170058,50;170909,70;5,025506155E11;14692909
WINFUT;22/02/2024;172774,55;172839,53;171306,06;171611,46;5,225962587E11;15201721
WINFUT;21/02/2024;170916,20;171858,37;170519,84;171858,37;5,46000001E11;15955988
WINFUT;20/02/2024;169454,21;171630,95;169051,35;171630,95;5,436423028E11;15930581
WINFUT;19/02/2024;169545,18;170324,91;169051,35;170285,92;3,491573604E11;10293979
WINFUT;16/02/2024;169174,81;170454,86;168538,03;170019,51;5,409202804E11;15948898
WINFUT;15/02/2024;168245,63;168843,42;167621,85;168810,94;5,15570945E11;15318357
WINFUT;14/02/2024;168187,15;168641,99;167335,95;167901,25;2,760405465E11;8221856
WINFUT;09/02/2024;170044,78;170600,14;168689,45;169330,75;5,481471649E11;16164089
WINFUT;08/02/2024;171677,79;172153,81;169191,91;169621,65;5,560216444E11;16310533
WINFUT;07/02/2024;172755,45;172755,45;171307,56;171955,47;5,575056516E11;16214943
WINFUT;06/02/2024;169244,81;173363,70;169079,52;173363,70;5,565626677E11;16220666
WINFUT;05/02/2024;168352,27;169350,59;167413,45;168986,96;5,379003455E11;15958333
WINFUT;02/02/2024;170619,97;170943,93;167744,02;168696,06;5,539930598E11;16412114
WINFUT;01/02/2024;169892,72;170507,58;168649,78;170296,02;5,75007305E11;16947221
WINFUT;31/01/2024;168715,89;171975,31;168629,95;169238,19;6,6170154E11;19415109
WINFUT;30/01/2024;170335,68;170917,49;168583,67;168801,84;5,707229646E11;16844846
WINFUT;29/01/2024;171406,73;171439,78;169674,55;170705,92;5,199585275E11;15252431
WINFUT;26/01/2024;170738,98;171638,13;169740,66;171003,43;5,068506018E11;14837224
WINFUT;25/01/2024;170229,90;170990,21;169780,33;170137,34;5,217465048E11;15311796
WINFUT;24/01/2024;171578,62;172180,26;169581,99;169667,93;5,803925725E11;16980033
WINFUT;23/01/2024;168722,51;170778,65;168563,83;170613,36;5,508903718E11;16238152
WINFUT;22/01/2024;169846,44;170104,29;167373,78;168259,71;5,459393662E11;16149291
WINFUT;19/01/2024;170163,79;170428,24;168319,21;169581,99;5,129827546E11;15149923
WINFUT;18/01/2024;171538,96;172160,43;169304,31;169317,53;5,330533594E11;15638453
WINFUT;17/01/2024;171367,06;172114,15;170547,25;170798,48;5,10230961E11;14884381
WINFUT;16/01/2024;174467,80;174553,75;171915,80;171988,53;6,010709612E11;17370760
WINFUT;15/01/2024;174137,23;175638,01;173562,04;175419,84;3,848099643E11;11028652
WINFUT;12/01/2024;173985,17;175915,69;173720,71;174547,13;4,875605805E11;13949687
WINFUT;11/01/2024;174606,64;175109,10;173152,13;174183,51;5,82724078E11;16728166
WINFUT;10/01/2024;175466,12;175942,14;174005,00;174421,52;5,123323194E11;14660612
WINFUT;09/01/2024;176510,72;176517,33;175016,54;175281,00;5,470039502E11;15576365
WINFUT;08/01/2024;175651,24;177251,19;174943,82;177251,19;5,194870832E11;14758201
WINFUT;05/01/2024;174950,43;177237,97;174328,96;176550,38;5,736994486E11;16306184
WINFUT;04/01/2024;178044,56;178130,50;175056,21;175241,33;5,384791541E11;15293579
WINFUT;03/01/2024;177085,91;178705,70;176682,61;177978,44;5,358044826E11;15073372
WINFUT;02/01/2024;178837,92;178970,15;176590,05;177489,20;4,736374056E11;13305027
