WINQ26;24/07/2026;18:00:00;174935,00;174950,00;174700,00;174700,00;4879855396,00;139564
WINQ26;24/07/2026;17:00:00;175045,00;175125,00;174860,00;174930,00;1,618895635E10;462619
WINQ26;24/07/2026;16:00:00;175405,00;175450,00;174955,00;175045,00;3,038806723E10;867042
WINQ26;24/07/2026;15:00:00;175295,00;175435,00;175225,00;175400,00;2,442866594E10;696638
WINQ26;24/07/2026;14:00:00;175435,00;175495,00;175210,00;175295,00;3,24371596E10;924756
WINQ26;24/07/2026;13:00:00;176015,00;176070,00;175280,00;175430,00;3,879233447E10;1104132
WINQ26;24/07/2026;12:00:00;176390,00;176445,00;175850,00;176020,00;5,737406473E10;1628875
WINQ26;24/07/2026;11:00:00;176135,00;176600,00;176065,00;176395,00;7,988264599E10;2265375
WINQ26;24/07/2026;10:00:00;176295,00;176470,00;175725,00;176130,00;1,202680697E11;3414507
WINQ26;24/07/2026;09:00:00;177860,00;177875,00;176155,00;176295,00;8,785811544E10;2487237
WINQ26;23/07/2026;18:00:00;177850,00;178025,00;177790,00;178025,00;3382088951,00;95056
WINQ26;23/07/2026;17:00:00;177785,00;177915,00;177700,00;177850,00;1,229323218E10;345703
WINQ26;23/07/2026;16:00:00;177935,00;178075,00;177635,00;177790,00;3,715776264E10;1044736
WINQ26;23/07/2026;15:00:00;177545,00;178000,00;177500,00;177935,00;3,593400667E10;1010664
WINQ26;23/07/2026;14:00:00;177770,00;177905,00;177440,00;177545,00;4,240587043E10;1193617
WINQ26;23/07/2026;13:00:00;177775,00;177910,00;177625,00;177770,00;2,935284626E10;825610
WINQ26;23/07/2026;12:00:00;178535,00;178655,00;177540,00;177775,00;6,776643179E10;1903568
WINQ26;23/07/2026;11:00:00;178220,00;178825,00;177960,00;178530,00;8,588825731E10;2406826
WINQ26;23/07/2026;10:00:00;178275,00;179125,00;177400,00;178210,00;1,523991873E11;4275693
WINQ26;23/07/2026;09:00:00;178400,00;178800,00;177740,00;178275,00;8,088206742E10;2267816
WINQ26;22/07/2026;18:00:00;179030,00;179160,00;178775,00;178775,00;5937700047,00;165859
WINQ26;22/07/2026;17:00:00;178880,00;179230,00;178840,00;179030,00;2,500317114E10;698252
WINQ26;22/07/2026;16:00:00;178965,00;179000,00;178700,00;178880,00;3,531865981E10;987508
WINQ26;22/07/2026;15:00:00;178705,00;179020,00;178555,00;178960,00;4,788946193E10;1339638
WINQ26;22/07/2026;14:00:00;177795,00;178775,00;177755,00;178705,00;5,638502937E10;1581076
WINQ26;22/07/2026;13:00:00;177460,00;177885,00;177400,00;177795,00;4,323102434E10;1216891
WINQ26;22/07/2026;12:00:00;176820,00;177560,00;176705,00;177465,00;6,126929752E10;1729293
WINQ26;22/07/2026;11:00:00;177875,00;177985,00;176585,00;176825,00;9,627267622E10;2717248
WINQ26;22/07/2026;10:00:00;175645,00;178270,00;175435,00;177875,00;1,634291899E11;4624212
WINQ26;22/07/2026;09:00:00;174250,00;175755,00;174245,00;175645,00;1,187390113E11;3386556
WINQ26;21/07/2026;18:00:00;174635,00;174735,00;174610,00;174690,00;4749932318,00;135966
WINQ26;21/07/2026;17:00:00;174675,00;174690,00;174490,00;174635,00;1,502139995E10;430237
WINQ26;21/07/2026;16:00:00;174730,00;174845,00;174605,00;174680,00;2,909330853E10;832554
WINQ26;21/07/2026;15:00:00;174690,00;174785,00;174520,00;174735,00;2,843239187E10;813906
WINQ26;21/07/2026;14:00:00;174335,00;174700,00;174220,00;174690,00;4,539406988E10;1301277
WINQ26;21/07/2026;13:00:00;173965,00;174415,00;173935,00;174335,00;2,944522581E10;845218
WINQ26;21/07/2026;12:00:00;173590,00;174160,00;173500,00;173960,00;4,268616766E10;1227574
WINQ26;21/07/2026;11:00:00;174070,00;174610,00;173515,00;173595,00;7,856381507E10;2256356
WINQ26;21/07/2026;10:00:00;174665,00;175100,00;173870,00;174070,00;1,349882605E11;3868153
WINQ26;21/07/2026;09:00:00;175245,00;175345,00;174425,00;174665,00;1,010705344E11;2891046
WINQ26;20/07/2026;18:00:00;174745,00;174750,00;174560,00;174665,00;4742343095,00;135761
WINQ26;20/07/2026;17:00:00;175000,00;175045,00;174625,00;174745,00;1,92250919E10;550099
WINQ26;20/07/2026;16:00:00;175095,00;175235,00;174930,00;175005,00;3,352676296E10;957438
WINQ26;20/07/2026;15:00:00;175150,00;175365,00;174960,00;175095,00;3,461883623E10;988139
WINQ26;20/07/2026;14:00:00;174960,00;175175,00;174845,00;175150,00;2,832810329E10;809432
WINQ26;20/07/2026;13:00:00;175465,00;175710,00;174905,00;174960,00;3,94265305E10;1124136
WINQ26;20/07/2026;12:00:00;175555,00;175650,00;175145,00;175465,00;4,61854543E10;1316536
WINQ26;20/07/2026;11:00:00;175125,00;175800,00;174900,00;175555,00;7,380503625E10;2104958
WINQ26;20/07/2026;10:00:00;175260,00;175955,00;174530,00;175120,00;1,292946028E11;3690177
WINQ26;20/07/2026;09:00:00;175580,00;175705,00;174725,00;175260,00;1,024157621E11;2922938
WINQ26;17/07/2026;18:00:00;174935,00;175100,00;174880,00;175070,00;4248684139,00;121394
WINQ26;17/07/2026;17:00:00;175225,00;175275,00;174870,00;174935,00;1,662521141E10;474737
WINQ26;17/07/2026;16:00:00;174920,00;175335,00;174740,00;175230,00;3,538402128E10;1010861
WINQ26;17/07/2026;15:00:00;175060,00;175070,00;174810,00;174925,00;3,304026036E10;944328
WINQ26;17/07/2026;14:00:00;175380,00;175550,00;175040,00;175055,00;3,694469115E10;1053446
WINQ26;17/07/2026;13:00:00;175950,00;176025,00;175275,00;175385,00;4,870708256E10;1386892
WINQ26;17/07/2026;12:00:00;175670,00;176065,00;175475,00;175955,00;5,040959859E10;1433488
WINQ26;17/07/2026;11:00:00;175765,00;175795,00;175075,00;175675,00;7,358486128E10;2096919
WINQ26;17/07/2026;10:00:00;175290,00;175890,00;174790,00;175755,00;1,388163166E11;3959645
WINQ26;17/07/2026;09:00:00;174550,00;175650,00;174515,00;175295,00;1,000326154E11;2854870
WINQ26;16/07/2026;18:00:00;175270,00;175290,00;175140,00;175255,00;4088900123,00;116679
WINQ26;16/07/2026;17:00:00;175435,00;175520,00;175100,00;175275,00;1,958826337E10;558649
WINQ26;16/07/2026;16:00:00;175395,00;175450,00;175205,00;175435,00;3,039272711E10;866744
WINQ26;16/07/2026;15:00:00;175455,00;175575,00;175160,00;175390,00;4,308946556E10;1228399
WINQ26;16/07/2026;14:00:00;176105,00;176145,00;175355,00;175450,00;5,145332695E10;1464204
WINQ26;16/07/2026;13:00:00;176720,00;176775,00;176060,00;176105,00;4,407777481E10;1249805
WINQ26;16/07/2026;12:00:00;176630,00;176850,00;176340,00;176720,00;5,415895294E10;1533293
WINQ26;16/07/2026;11:00:00;175700,00;176870,00;175650,00;176635,00;8,992296257E10;2550064
WINQ26;16/07/2026;10:00:00;177310,00;177365,00;175410,00;175705,00;1,365803912E11;3873821
WINQ26;16/07/2026;09:00:00;177505,00;178765,00;177240,00;177305,00;1,013475333E11;2848631
WINQ26;15/07/2026;18:00:00;177720,00;177920,00;177670,00;177920,00;4596589745,00;129249
WINQ26;15/07/2026;17:00:00;177695,00;177945,00;177610,00;177715,00;1,712180155E10;481584
WINQ26;15/07/2026;16:00:00;177805,00;178080,00;177665,00;177695,00;2,863112642E10;804839
WINQ26;15/07/2026;15:00:00;177825,00;178050,00;177685,00;177810,00;3,359117747E10;944285
WINQ26;15/07/2026;14:00:00;177145,00;177945,00;177140,00;177825,00;4,585494362E10;1291452
WINQ26;15/07/2026;13:00:00;177475,00;177560,00;177035,00;177150,00;4,377149244E10;1234090
WINQ26;15/07/2026;12:00:00;177885,00;178130,00;177390,00;177480,00;5,234161655E10;1472689
WINQ26;15/07/2026;11:00:00;177750,00;178080,00;177350,00;177885,00;8,291812987E10;2332583
WINQ26;15/07/2026;10:00:00;178425,00;178500,00;177365,00;177755,00;1,212526476E11;3408145
WINQ26;15/07/2026;09:00:00;178050,00;178665,00;176980,00;178425,00;1,071451848E11;3010247
WINQ26;14/07/2026;18:00:00;178520,00;178550,00;178200,00;178200,00;5501361616,00;154212
WINQ26;14/07/2026;17:00:00;178485,00;178660,00;178360,00;178525,00;1,998231491E10;559738
WINQ26;14/07/2026;16:00:00;178460,00;178595,00;178185,00;178485,00;3,514493691E10;985015
WINQ26;14/07/2026;15:00:00;177805,00;178515,00;177805,00;178460,00;3,909555676E10;1097399
WINQ26;14/07/2026;14:00:00;178025,00;178060,00;177755,00;177810,00;3,21826094E10;904714
WINQ26;14/07/2026;13:00:00;177910,00;178180,00;177560,00;178025,00;4,466355145E10;1255251
WINQ26;14/07/2026;12:00:00;178085,00;178490,00;177855,00;177910,00;5,84447101E10;1640199
WINQ26;14/07/2026;11:00:00;178640,00;178970,00;177905,00;178080,00;8,80155868E10;2466593
WINQ26;14/07/2026;10:00:00;178235,00;178720,00;177755,00;178635,00;1,265846123E11;3550279
WINQ26;14/07/2026;09:00:00;178140,00;179220,00;177285,00;178235,00;1,281030327E11;3595733
WINQ26;13/07/2026;18:00:00;177120,00;177400,00;176990,00;177400,00;7066323296,00;199405
WINQ26;13/07/2026;17:00:00;177450,00;177690,00;177055,00;177125,00;3,040130236E10;857111
WINQ26;13/07/2026;16:00:00;177765,00;177900,00;177385,00;177455,00;4,349239837E10;1224318
WINQ26;13/07/2026;15:00:00;177540,00;177795,00;177410,00;177765,00;4,25765879E10;1198634
WINQ26;13/07/2026;14:00:00;177860,00;178065,00;177460,00;177540,00;5,240393718E10;1474102
WINQ26;13/07/2026;13:00:00;178360,00;178450,00;177815,00;177860,00;5,199363141E10;1459079
WINQ26;13/07/2026;12:00:00;178775,00;178850,00;178250,00;178365,00;5,291885995E10;1482616
WINQ26;13/07/2026;11:00:00;179450,00;179495,00;178490,00;178775,00;8,410469408E10;2350065
WINQ26;13/07/2026;10:00:00;180150,00;180245,00;178955,00;179455,00;1,338104444E11;3724588
WINQ26;13/07/2026;09:00:00;179670,00;180235,00;179475,00;180145,00;1,00040192E11;2780928
WINQ26;10/07/2026;18:00:00;180445,00;180670,00;180400,00;180515,00;6128334368,00;169720
WINQ26;10/07/2026;17:00:00;179925,00;180595,00;179905,00;180440,00;2,990809619E10;829584
WINQ26;10/07/2026;16:00:00;179490,00;179955,00;179425,00;179925,00;3,582712157E10;996971
WINQ26;10/07/2026;15:00:00;179330,00;179940,00;179325,00;179495,00;4,693364027E10;1306261
WINQ26;10/07/2026;14:00:00;179375,00;179475,00;179240,00;179335,00;3,423020361E10;954287
WINQ26;10/07/2026;13:00:00;178430,00;179545,00;178415,00;179375,00;5,382310531E10;1502830
WINQ26;10/07/2026;12:00:00;178720,00;178755,00;178145,00;178430,00;5,467516544E10;1532759
WINQ26;10/07/2026;11:00:00;178505,00;179060,00;178005,00;178715,00;1,125917087E11;3151561
WINQ26;10/07/2026;10:00:00;178310,00;178780,00;177545,00;178505,00;1,314726454E11;3690022
WINQ26;10/07/2026;09:00:00;175900,00;179300,00;175900,00;178315,00;1,403652108E11;3954668
WINQ26;09/07/2026;18:00:00;175165,00;175490,00;175155,00;175490,00;6928308915,00;197608
WINQ26;09/07/2026;17:00:00;175045,00;175230,00;174955,00;175160,00;1,992801286E10;569059
WINQ26;09/07/2026;16:00:00;174875,00;175080,00;174765,00;175040,00;3,46734036E10;991078
WINQ26;09/07/2026;15:00:00;174865,00;174925,00;174605,00;174870,00;3,346484427E10;957591
WINQ26;09/07/2026;14:00:00;174465,00;174970,00;174370,00;174860,00;3,839711438E10;1098925
WINQ26;09/07/2026;13:00:00;174460,00;174755,00;174360,00;174465,00;3,13266953E10;897400
WINQ26;09/07/2026;12:00:00;174460,00;174720,00;174115,00;174460,00;4,945556045E10;1417671
WINQ26;09/07/2026;11:00:00;173110,00;174495,00;173100,00;174465,00;9,618722452E10;2764325
WINQ26;09/07/2026;10:00:00;173150,00;173825,00;172830,00;173110,00;1,169169769E11;3373275
WINQ26;09/07/2026;09:00:00;173025,00;173860,00;172460,00;173150,00;1,078687496E11;3110657
WINQ26;08/07/2026;18:00:00;172545,00;172720,00;172495,00;172665,00;4117558453,00;119270
WINQ26;08/07/2026;17:00:00;172865,00;172875,00;172430,00;172545,00;1,839232566E10;532762
WINQ26;08/07/2026;16:00:00;172810,00;173070,00;172790,00;172865,00;2,780817483E10;804062
WINQ26;08/07/2026;15:00:00;172605,00;173000,00;172595,00;172810,00;3,585863161E10;1037409
WINQ26;08/07/2026;14:00:00;172790,00;172885,00;172480,00;172605,00;3,673213207E10;1063773
WINQ26;08/07/2026;13:00:00;172255,00;172970,00;172170,00;172790,00;4,123212728E10;1195282
WINQ26;08/07/2026;12:00:00;172230,00;172675,00;172075,00;172260,00;4,793501685E10;1390220
WINQ26;08/07/2026;11:00:00;172745,00;173115,00;172135,00;172235,00;8,532291156E10;2470973
WINQ26;08/07/2026;10:00:00;173560,00;173800,00;172005,00;172740,00;1,593545885E11;4606012
WINQ26;08/07/2026;09:00:00;172230,00;173885,00;172065,00;173565,00;9,483063761E10;2733069
WINQ26;07/07/2026;18:00:00;173955,00;173965,00;173600,00;173600,00;5082212798,00;146239
WINQ26;07/07/2026;17:00:00;174035,00;174195,00;173925,00;173955,00;1,315313883E10;377839
WINQ26;07/07/2026;16:00:00;174145,00;174190,00;173870,00;174035,00;4,041897418E10;1161166
WINQ26;07/07/2026;15:00:00;174015,00;174345,00;173710,00;174145,00;4,803577678E10;1380025
WINQ26;07/07/2026;14:00:00;173755,00;174210,00;173750,00;174020,00;4,378786969E10;1258351
WINQ26;07/07/2026;13:00:00;173695,00;173825,00;173545,00;173760,00;3,101119604E10;892658
WINQ26;07/07/2026;12:00:00;174235,00;174245,00;173620,00;173695,00;5,530051158E10;1590483
WINQ26;07/07/2026;11:00:00;174705,00;175085,00;173575,00;174230,00;1,104691845E11;3168880
WINQ26;07/07/2026;10:00:00;175130,00;175795,00;174545,00;174710,00;1,692253077E11;4830701
WINQ26;07/07/2026;09:00:00;174370,00;175690,00;174260,00;175130,00;1,195747287E11;3411098
WINQ26;06/07/2026;18:00:00;174805,00;174850,00;174480,00;174535,00;6872102651,00;196720
WINQ26;06/07/2026;17:00:00;174615,00;174835,00;174585,00;174810,00;1,429367609E10;409087
WINQ26;06/07/2026;16:00:00;174670,00;174720,00;174425,00;174615,00;3,264228881E10;934818
WINQ26;06/07/2026;15:00:00;174810,00;174900,00;174550,00;174670,00;3,740887352E10;1070360
WINQ26;06/07/2026;14:00:00;174295,00;174875,00;174215,00;174810,00;5,077331363E10;1454215
WINQ26;06/07/2026;13:00:00;174215,00;174400,00;174065,00;174295,00;3,245501728E10;931480
WINQ26;06/07/2026;12:00:00;174125,00;174465,00;174015,00;174220,00;5,299301874E10;1520632
WINQ26;06/07/2026;11:00:00;174695,00;174805,00;173855,00;174120,00;7,821760078E10;2244944
WINQ26;06/07/2026;10:00:00;175110,00;175480,00;174470,00;174705,00;1,477693542E11;4224367
WINQ26;06/07/2026;09:00:00;176600,00;176835,00;175000,00;175110,00;1,050649885E11;2994283
WINQ26;03/07/2026;18:00:00;176830,00;176910,00;176710,00;176910,00;3252990825,00;91987
WINQ26;03/07/2026;17:00:00;176790,00;176880,00;176530,00;176830,00;1,598616356E10;452352
WINQ26;03/07/2026;16:00:00;176815,00;176870,00;176510,00;176790,00;2,436796935E10;689582
WINQ26;03/07/2026;15:00:00;176935,00;176945,00;176730,00;176815,00;2,03234143E10;574664
WINQ26;03/07/2026;14:00:00;176910,00;177085,00;176740,00;176935,00;2,49948918E10;706418
WINQ26;03/07/2026;13:00:00;176900,00;177175,00;176870,00;176905,00;2,856091503E10;806780
WINQ26;03/07/2026;12:00:00;176690,00;177020,00;176635,00;176900,00;3,760117325E10;1062952
WINQ26;03/07/2026;11:00:00;176055,00;176775,00;176020,00;176685,00;6,458761908E10;1829546
WINQ26;03/07/2026;10:00:00;176325,00;176515,00;175300,00;176055,00;1,230355919E11;3498001
WINQ26;03/07/2026;09:00:00;175725,00;176790,00;175550,00;176325,00;1,037682388E11;2941252
WINQ26;02/07/2026;18:00:00;175295,00;175355,00;175105,00;175175,00;4050496372,00;115577
WINQ26;02/07/2026;17:00:00;175285,00;175420,00;175120,00;175290,00;1,615920796E10;460881
WINQ26;02/07/2026;16:00:00;175225,00;175295,00;174695,00;175280,00;3,331371888E10;951949
WINQ26;02/07/2026;15:00:00;174595,00;175305,00;174500,00;175225,00;3,974315838E10;1135841
WINQ26;02/07/2026;14:00:00;174525,00;174815,00;174515,00;174595,00;3,19396406E10;914290
WINQ26;02/07/2026;13:00:00;174740,00;175000,00;174475,00;174530,00;4,214954348E10;1206048
WINQ26;02/07/2026;12:00:00;174945,00;175115,00;174240,00;174745,00;5,746338421E10;1644739
WINQ26;02/07/2026;11:00:00;175925,00;176180,00;174630,00;174945,00;9,874573578E10;2814870
WINQ26;02/07/2026;10:00:00;175745,00;177055,00;175070,00;175925,00;1,5183783E11;4315070
WINQ26;02/07/2026;09:00:00;174560,00;176655,00;173910,00;175745,00;1,238549357E11;3531449
WINQ26;01/07/2026;18:00:00;174540,00;174585,00;174430,00;174530,00;4026574959,00;115366
WINQ26;01/07/2026;17:00:00;174280,00;174645,00;174105,00;174545,00;1,75681259E10;503814
WINQ26;01/07/2026;16:00:00;174105,00;174565,00;174000,00;174280,00;3,362932867E10;964663
WINQ26;01/07/2026;15:00:00;174145,00;174310,00;173915,00;174105,00;2,851805382E10;819081
WINQ26;01/07/2026;14:00:00;174360,00;174685,00;174005,00;174145,00;3,500583048E10;1003521
WINQ26;01/07/2026;13:00:00;174265,00;174640,00;174210,00;174355,00;3,27434731E10;938517
WINQ26;01/07/2026;12:00:00;173705,00;174540,00;173465,00;174270,00;5,555131106E10;1597099
WINQ26;01/07/2026;11:00:00;173830,00;174480,00;173660,00;173705,00;8,413003142E10;2417214
WINQ26;01/07/2026;10:00:00;172385,00;174270,00;172050,00;173830,00;1,476784669E11;4266067
WINQ26;01/07/2026;09:00:00;174005,00;174230,00;172190,00;172385,00;1,06135706E11;3070283
WINQ26;30/06/2026;18:00:00;174720,00;174725,00;174565,00;174590,00;3961240689,00;113421
WINQ26;30/06/2026;17:00:00;174810,00;174870,00;174540,00;174720,00;1,522893532E10;435845
WINQ26;30/06/2026;16:00:00;175025,00;175090,00;174730,00;174805,00;3,332417527E10;952758
WINQ26;30/06/2026;15:00:00;175380,00;175385,00;174910,00;175025,00;3,987148091E10;1138243
WINQ26;30/06/2026;14:00:00;174750,00;175445,00;174665,00;175375,00;4,831223698E10;1380209
WINQ26;30/06/2026;13:00:00;174675,00;175160,00;174640,00;174745,00;4,552930313E10;1301678
WINQ26;30/06/2026;12:00:00;174110,00;174725,00;174030,00;174675,00;5,479673808E10;1570578
WINQ26;30/06/2026;11:00:00;173810,00;174795,00;173495,00;174110,00;1,008704673E11;2896399
WINQ26;30/06/2026;10:00:00;174670,00;174685,00;173025,00;173805,00;1,389193106E11;3997272
WINQ26;30/06/2026;09:00:00;175910,00;176140,00;174330,00;174675,00;1,29915195E11;3710739
WINQ26;29/06/2026;18:00:00;175935,00;176000,00;175760,00;175760,00;4277291128,00;121595
WINQ26;29/06/2026;17:00:00;175855,00;176095,00;175805,00;175935,00;1,368375891E10;388843
WINQ26;29/06/2026;16:00:00;176240,00;176270,00;175775,00;175850,00;2,404411386E10;683087
WINQ26;29/06/2026;15:00:00;176060,00;176410,00;176050,00;176245,00;1,968297498E10;558452
WINQ26;29/06/2026;14:00:00;176005,00;176185,00;175910,00;176060,00;1,738298801E10;493668
WINQ26;29/06/2026;13:00:00;175325,00;176240,00;175260,00;176005,00;3,375677586E10;960341
WINQ26;29/06/2026;12:00:00;175765,00;175850,00;175275,00;175325,00;3,755349726E10;1069603
WINQ26;29/06/2026;11:00:00;175835,00;176285,00;175285,00;175765,00;7,677075968E10;2183579
WINQ26;29/06/2026;10:00:00;176315,00;176680,00;174980,00;175840,00;1,288252816E11;3662918
WINQ26;29/06/2026;09:00:00;177200,00;177205,00;175590,00;176310,00;1,067099744E11;3028905
WINQ26;26/06/2026;18:00:00;176340,00;176485,00;176170,00;176290,00;6088067837,00;172655
WINQ26;26/06/2026;17:00:00;176200,00;176590,00;176105,00;176345,00;2,783126294E10;789276
WINQ26;26/06/2026;16:00:00;176415,00;176510,00;176110,00;176200,00;4,074716243E10;1155554
WINQ26;26/06/2026;15:00:00;176655,00;176920,00;176330,00;176415,00;4,438253231E10;1256241
WINQ26;26/06/2026;14:00:00;176400,00;176790,00;176365,00;176660,00;4,427785796E10;1253424
WINQ26;26/06/2026;13:00:00;176455,00;176700,00;176200,00;176395,00;4,478503217E10;1269054
WINQ26;26/06/2026;12:00:00;175645,00;176520,00;175635,00;176450,00;7,14236832E10;2027476
WINQ26;26/06/2026;11:00:00;174550,00;175900,00;174300,00;175645,00;1,033974282E11;2950799
WINQ26;26/06/2026;10:00:00;174590,00;174705,00;173795,00;174550,00;1,256002694E11;3604769
WINQ26;26/06/2026;09:00:00;174000,00;175560,00;173765,00;174585,00;9,964843175E10;2849909
WINQ26;25/06/2026;18:00:00;174860,00;174885,00;174650,00;174650,00;3686758925,00;105477
WINQ26;25/06/2026;17:00:00;174850,00;175090,00;174825,00;174865,00;1,342207911E10;383539
WINQ26;25/06/2026;16:00:00;175125,00;175200,00;174735,00;174850,00;2,812308212E10;803550
WINQ26;25/06/2026;15:00:00;175410,00;175445,00;174825,00;175120,00;4,566072837E10;1303753
WINQ26;25/06/2026;14:00:00;175630,00;175750,00;175115,00;175415,00;3,414477948E10;973156
WINQ26;25/06/2026;13:00:00;175870,00;176235,00;175435,00;175630,00;4,102947992E10;1166604
WINQ26;25/06/2026;12:00:00;175510,00;176115,00;175260,00;175865,00;4,797246577E10;1365282
WINQ26;25/06/2026;11:00:00;174270,00;176275,00;174255,00;175510,00;9,366776922E10;2668579
WINQ26;25/06/2026;10:00:00;174475,00;175815,00;173860,00;174270,00;1,336094263E11;3824432
WINQ26;25/06/2026;09:00:00;174310,00;175245,00;173755,00;174480,00;1,10508247E11;3162643
WINQ26;24/06/2026;18:00:00;174150,00;174520,00;174125,00;174250,00;6537231182,00;187500
WINQ26;24/06/2026;17:00:00;173500,00;174195,00;173450,00;174145,00;2,176052665E10;625828
WINQ26;24/06/2026;16:00:00;173420,00;173710,00;173255,00;173505,00;3,661480743E10;1055172
WINQ26;24/06/2026;15:00:00;172945,00;173545,00;172945,00;173420,00;4,077693629E10;1176945
WINQ26;24/06/2026;14:00:00;173170,00;173315,00;172615,00;172950,00;4,606889158E10;1332316
WINQ26;24/06/2026;13:00:00;173095,00;173480,00;172910,00;173170,00;3,882996752E10;1121099
WINQ26;24/06/2026;12:00:00;172950,00;173455,00;172765,00;173100,00;5,729811147E10;1654711
WINQ26;24/06/2026;11:00:00;173295,00;173660,00;172545,00;172950,00;8,514383092E10;2460061
WINQ26;24/06/2026;10:00:00;172985,00;174400,00;172210,00;173300,00;1,606487079E11;4630043
WINQ26;24/06/2026;09:00:00;174500,00;174685,00;172810,00;172980,00;9,982867759E10;2880003
WINQ26;23/06/2026;18:00:00;174685,00;174940,00;174635,00;174800,00;6440856115,00;184212
WINQ26;23/06/2026;17:00:00;174375,00;174775,00;174245,00;174685,00;2,115844169E10;606249
WINQ26;23/06/2026;16:00:00;174170,00;174775,00;174145,00;174375,00;4,187785516E10;1200177
WINQ26;23/06/2026;15:00:00;174470,00;174610,00;174060,00;174170,00;3,454608189E10;991090
WINQ26;23/06/2026;14:00:00;174400,00;174640,00;174205,00;174470,00;3,450890987E10;989111
WINQ26;23/06/2026;13:00:00;173860,00;174720,00;173825,00;174400,00;4,79100248E10;1373810
WINQ26;23/06/2026;12:00:00;173920,00;174275,00;173475,00;173860,00;5,407043841E10;1554909
WINQ26;23/06/2026;11:00:00;172870,00;174185,00;172790,00;173920,00;9,795371454E10;2822182
WINQ26;23/06/2026;10:00:00;171690,00;173100,00;171400,00;172865,00;1,500879342E11;4356625
WINQ26;23/06/2026;09:00:00;172205,00;172685,00;171440,00;171685,00;8,954148965E10;2605482
WINQ26;22/06/2026;18:00:00;173665,00;173680,00;173455,00;173490,00;4223709486,00;121659
WINQ26;22/06/2026;17:00:00;173515,00;173695,00;173270,00;173665,00;1,819965806E10;524619
WINQ26;22/06/2026;16:00:00;173565,00;173890,00;173455,00;173510,00;3,631417958E10;1045443
WINQ26;22/06/2026;15:00:00;173345,00;173700,00;173335,00;173560,00;3,27120519E10;942439
WINQ26;22/06/2026;14:00:00;173615,00;173770,00;173170,00;173345,00;3,675041212E10;1059377
WINQ26;22/06/2026;13:00:00;173215,00;173730,00;172960,00;173620,00;3,848050626E10;1110074
WINQ26;22/06/2026;12:00:00;173705,00;173845,00;173200,00;173215,00;4,855896705E10;1399457
WINQ26;22/06/2026;11:00:00;172890,00;173765,00;172670,00;173700,00;8,384075007E10;2421445
WINQ26;22/06/2026;10:00:00;171385,00;173480,00;171305,00;172885,00;1,541294443E11;4465166
WINQ26;22/06/2026;09:00:00;171590,00;171605,00;170210,00;171385,00;1,030715739E11;3012336
WINQ26;19/06/2026;18:00:00;171360,00;171925,00;171350,00;171645,00;3623216868,00;105587
WINQ26;19/06/2026;17:00:00;171350,00;171490,00;171255,00;171355,00;1,38654758E10;404576
WINQ26;19/06/2026;16:00:00;171660,00;171705,00;171250,00;171350,00;2,745060489E10;800492
WINQ26;19/06/2026;15:00:00;171765,00;171825,00;171580,00;171655,00;2,351696098E10;684797
WINQ26;19/06/2026;14:00:00;171030,00;171920,00;171000,00;171765,00;3,274955708E10;954941
WINQ26;19/06/2026;13:00:00;171305,00;171405,00;170975,00;171030,00;2,577397054E10;752793
WINQ26;19/06/2026;12:00:00;171530,00;171735,00;171215,00;171300,00;3,222613057E10;939682
WINQ26;19/06/2026;11:00:00;170770,00;171670,00;170745,00;171530,00;6,262336844E10;1826761
WINQ26;19/06/2026;10:00:00;171450,00;171945,00;170730,00;170765,00;1,005141751E11;2931891
WINQ26;19/06/2026;09:00:00;171700,00;171735,00;170855,00;171455,00;8,26957173E10;2414838
WINQ26;18/06/2026;18:00:00;171755,00;172015,00;171715,00;172015,00;4137642078,00;120388
WINQ26;18/06/2026;17:00:00;171510,00;171790,00;171435,00;171755,00;1,353579661E10;394412
WINQ26;18/06/2026;16:00:00;171545,00;171695,00;171285,00;171510,00;3,401513857E10;991706
WINQ26;18/06/2026;15:00:00;171415,00;171800,00;171080,00;171545,00;4,79439711E10;1397867
WINQ26;18/06/2026;14:00:00;171425,00;171615,00;171200,00;171410,00;3,955576247E10;1153847
WINQ26;18/06/2026;13:00:00;171575,00;171665,00;171150,00;171425,00;4,128992144E10;1204851
WINQ26;18/06/2026;12:00:00;172005,00;172220,00;171490,00;171575,00;6,270016972E10;1824381
WINQ26;18/06/2026;11:00:00;172065,00;172890,00;171910,00;172010,00;8,642302581E10;2507068
WINQ26;18/06/2026;10:00:00;171320,00;172470,00;171065,00;172070,00;1,449281008E11;4220149
WINQ26;18/06/2026;09:00:00;171800,00;171940,00;170230,00;171320,00;1,051127571E11;3072210
WINQ26;17/06/2026;18:00:00;171405,00;171545,00;171325,00;171480,00;3326081993,00;97009
WINQ26;17/06/2026;17:00:00;171475,00;171675,00;171300,00;171400,00;2,18005726E10;635661
WINQ26;17/06/2026;16:00:00;173400,00;173535,00;171160,00;171480,00;9,416676927E10;2735844
WINQ26;17/06/2026;15:00:00;174870,00;174880,00;173100,00;173400,00;1,062856295E11;3061390
WINQ26;17/06/2026;14:00:00;174935,00;175330,00;174410,00;174865,00;6,095942127E10;1743277
WINQ26;17/06/2026;13:00:00;174590,00;174950,00;174555,00;174935,00;3,146560168E10;900415
WINQ26;17/06/2026;12:00:00;174550,00;174715,00;174150,00;174585,00;4,360257456E10;1249589
WINQ26;17/06/2026;11:00:00;174015,00;174920,00;173975,00;174550,00;8,49803924E10;2434810
WINQ26;17/06/2026;10:00:00;173800,00;175070,00;173570,00;174015,00;1,398244567E11;4012529
WINQ26;17/06/2026;09:00:00;172820,00;173885,00;172360,00;173800,00;9,669129578E10;2789723
WINQ26;16/06/2026;18:00:00;172715,00;172865,00;172610,00;172825,00;156953982,00;4543
WINQ26;16/06/2026;17:00:00;172980,00;173050,00;172615,00;172710,00;939994559,00;27192
WINQ26;16/06/2026;16:00:00;172985,00;173180,00;172790,00;172980,00;1159038307,00;33496
WINQ26;16/06/2026;15:00:00;173305,00;173390,00;172945,00;172980,00;1217636543,00;35149
WINQ26;16/06/2026;14:00:00;173390,00;173585,00;173205,00;173300,00;1038402248,00;29942
WINQ26;16/06/2026;13:00:00;173260,00;173640,00;173140,00;173395,00;1601681515,00;46185
WINQ26;16/06/2026;12:00:00;173025,00;173340,00;172725,00;173255,00;1499611986,00;43336
WINQ26;16/06/2026;11:00:00;172935,00;173450,00;172500,00;173030,00;2944016350,00;85099
WINQ26;16/06/2026;10:00:00;172985,00;173465,00;172510,00;172935,00;3384276288,00;97846
WINQ26;16/06/2026;09:00:00;174200,00;174455,00;172875,00;172990,00;3064234489,00;88206
WINQ26;15/06/2026;18:00:00;174070,00;174070,00;173860,00;173860,00;100261758,00;2882
WINQ26;15/06/2026;17:00:00;174095,00;174275,00;174020,00;174070,00;350070665,00;10052
WINQ26;15/06/2026;16:00:00;174200,00;174225,00;173915,00;174095,00;597191099,00;17150
WINQ26;15/06/2026;15:00:00;174670,00;174715,00;173965,00;174185,00;891611326,00;25582
WINQ26;15/06/2026;14:00:00;175280,00;175280,00;174615,00;174670,00;410669402,00;11739
WINQ26;15/06/2026;13:00:00;175950,00;176045,00;175130,00;175290,00;499608151,00;14230
WINQ26;15/06/2026;12:00:00;176095,00;176385,00;175895,00;175930,00;375041992,00;10646
WINQ26;15/06/2026;11:00:00;177480,00;177485,00;175975,00;176075,00;798663527,00;22604
WINQ26;15/06/2026;10:00:00;177215,00;177995,00;176615,00;177465,00;1374044037,00;38734
WINQ26;15/06/2026;09:00:00;176395,00;177255,00;175290,00;177200,00;822941425,00;23337
WINQ26;12/06/2026;18:00:00;174805,00;174860,00;174600,00;174600,00;15518452,00;444
WINQ26;12/06/2026;17:00:00;174760,00;174900,00;174700,00;174810,00;35941405,00;1028
WINQ26;12/06/2026;16:00:00;174720,00;175015,00;174555,00;174760,00;227217047,00;6500
WINQ26;12/06/2026;15:00:00;174790,00;174990,00;174600,00;174720,00;276744565,00;7915
WINQ26;12/06/2026;14:00:00;174855,00;175055,00;174705,00;174780,00;211927926,00;6059
WINQ26;12/06/2026;13:00:00;175135,00;175400,00;174550,00;174855,00;190136362,00;5435
WINQ26;12/06/2026;12:00:00;175635,00;175960,00;175105,00;175145,00;212792346,00;6062
WINQ26;12/06/2026;11:00:00;175555,00;175950,00;174865,00;175660,00;305088918,00;8697
WINQ26;12/06/2026;10:00:00;173805,00;176260,00;173360,00;175540,00;531226995,00;15160
WINQ26;12/06/2026;09:00:00;175530,00;175590,00;173540,00;173790,00;359281910,00;10315
WINQ26;11/06/2026;18:00:00;175190,00;175415,00;175130,00;175330,00;54444468,00;1553
WINQ26;11/06/2026;17:00:00;175310,00;175560,00;175095,00;175170,00;124231123,00;3543
WINQ26;11/06/2026;16:00:00;174045,00;175830,00;174045,00;175310,00;323232853,00;9232
WINQ26;11/06/2026;15:00:00;173870,00;174340,00;173560,00;174000,00;229014642,00;6579
WINQ26;11/06/2026;14:00:00;172260,00;174160,00;171970,00;173850,00;273341264,00;7884
WINQ26;11/06/2026;13:00:00;172270,00;172545,00;172180,00;172300,00;40673458,00;1180
WINQ26;11/06/2026;12:00:00;172350,00;172650,00;172240,00;172265,00;42420978,00;1230
WINQ26;11/06/2026;11:00:00;172730,00;172900,00;172265,00;172335,00;246187318,00;7132
WINQ26;11/06/2026;10:00:00;172530,00;173225,00;172140,00;172810,00;349601405,00;10124
WINQ26;11/06/2026;09:00:00;173000,00;173560,00;172355,00;172540,00;333894252,00;9664
WINQ26;10/06/2026;18:00:00;172230,00;172275,00;172080,00;172200,00;18043918,00;524
WINQ26;10/06/2026;17:00:00;172360,00;172435,00;172175,00;172230,00;10200600,00;296
WINQ26;10/06/2026;16:00:00;172185,00;172635,00;172175,00;172365,00;15311399,00;444
WINQ26;10/06/2026;15:00:00;172285,00;172375,00;172090,00;172275,00;17051254,00;495
WINQ26;10/06/2026;14:00:00;172610,00;172755,00;172225,00;172245,00;24177872,00;701
WINQ26;10/06/2026;13:00:00;172460,00;172720,00;172270,00;172600,00;17905525,00;519
WINQ26;10/06/2026;12:00:00;171990,00;172555,00;171950,00;172375,00;62588737,00;1817
WINQ26;10/06/2026;11:00:00;172885,00;172990,00;171850,00;171935,00;182708012,00;5297
WINQ26;10/06/2026;10:00:00;172705,00;173075,00;171840,00;172880,00;146362869,00;4247
WINQ26;10/06/2026;09:00:00;172545,00;173350,00;172025,00;172730,00;83133893,00;2408
WINQ26;09/06/2026;18:00:00;173645,00;173705,00;173500,00;173500,00;56670324,00;1632
WINQ26;09/06/2026;17:00:00;173630,00;173695,00;173455,00;173615,00;13433728,00;387
WINQ26;09/06/2026;16:00:00;173820,00;173830,00;173180,00;173605,00;64136411,00;1849
WINQ26;09/06/2026;15:00:00;173330,00;173925,00;173275,00;173820,00;25864140,00;745
WINQ26;09/06/2026;14:00:00;173000,00;173770,00;172940,00;173335,00;91714106,00;2646
WINQ26;09/06/2026;13:00:00;173110,00;173470,00;172190,00;173000,00;157182992,00;4549
WINQ26;09/06/2026;12:00:00;173965,00;174180,00;172955,00;173145,00;160700596,00;4638
WINQ26;09/06/2026;11:00:00;173750,00;174650,00;173440,00;173955,00;82384224,00;2367
WINQ26;09/06/2026;10:00:00;173890,00;174270,00;173200,00;173605,00;113422892,00;3265
WINQ26;09/06/2026;09:00:00;173180,00;174205,00;173005,00;173850,00;117409267,00;3382
WINQ26;08/06/2026;18:00:00;172635,00;172800,00;172525,00;172800,00;39998607,00;1159
WINQ26;08/06/2026;17:00:00;172515,00;172765,00;172465,00;172640,00;11878095,00;344
WINQ26;08/06/2026;16:00:00;172595,00;172680,00;172365,00;172465,00;51399902,00;1490
WINQ26;08/06/2026;15:00:00;172450,00;172700,00;172385,00;172610,00;60326155,00;1748
WINQ26;08/06/2026;14:00:00;172345,00;172475,00;172070,00;172440,00;87015636,00;2526
WINQ26;08/06/2026;13:00:00;172615,00;172650,00;172310,00;172360,00;36648574,00;1062
WINQ26;08/06/2026;12:00:00;173245,00;173320,00;172575,00;172675,00;75839803,00;2195
WINQ26;08/06/2026;11:00:00;172620,00;173390,00;172235,00;173155,00;102564698,00;2966
WINQ26;08/06/2026;10:00:00;172960,00;173660,00;172525,00;172640,00;100255745,00;2897
WINQ26;08/06/2026;09:00:00;173685,00;173745,00;172640,00;173035,00;87837373,00;2535
WINQ26;05/06/2026;18:00:00;172790,00;172960,00;172670,00;172960,00;14374760,00;416
WINQ26;05/06/2026;17:00:00;173000,00;173015,00;172500,00;172790,00;16895503,00;489
WINQ26;05/06/2026;16:00:00;173430,00;173445,00;172965,00;173025,00;106935233,00;3089
WINQ26;05/06/2026;15:00:00;173505,00;173900,00;173150,00;173420,00;144681224,00;4169
WINQ26;05/06/2026;14:00:00;173260,00;173650,00;173010,00;173495,00;76709198,00;2214
WINQ26;05/06/2026;13:00:00;173315,00;173485,00;173075,00;173235,00;126641022,00;3655
WINQ26;05/06/2026;12:00:00;174235,00;174420,00;173235,00;173300,00;54407424,00;1565
WINQ26;05/06/2026;11:00:00;174020,00;174500,00;173700,00;174150,00;70452478,00;2023
WINQ26;05/06/2026;10:00:00;174335,00;174645,00;173405,00;174030,00;73591433,00;2112
WINQ26;05/06/2026;09:00:00;174455,00;175105,00;174040,00;174310,00;51261738,00;1468
WINQ26;03/06/2026;18:00:00;174375,00;174375,00;174105,00;174200,00;40668188,00;1167
WINQ26;03/06/2026;17:00:00;174390,00;174475,00;174295,00;174370,00;43795067,00;1256
WINQ26;03/06/2026;16:00:00;174445,00;174550,00;174205,00;174355,00;16217886,00;465
WINQ26;03/06/2026;15:00:00;174280,00;174565,00;174105,00;174460,00;100491170,00;2881
WINQ26;03/06/2026;14:00:00;174575,00;174755,00;174245,00;174310,00;64080263,00;1836
WINQ26;03/06/2026;13:00:00;174910,00;174920,00;174370,00;174540,00;132026178,00;3779
WINQ26;03/06/2026;12:00:00;175495,00;175700,00;174840,00;174980,00;228134503,00;6516
WINQ26;03/06/2026;11:00:00;176165,00;176235,00;175020,00;175550,00;347266324,00;9887
WINQ26;03/06/2026;10:00:00;175795,00;176520,00;175390,00;176150,00;236720486,00;6724
WINQ26;03/06/2026;09:00:00;178405,00;178600,00;175195,00;175860,00;377549180,00;10693
WINQ26;02/06/2026;18:00:00;178795,00;178835,00;178625,00;178785,00;74756098,00;2092
WINQ26;02/06/2026;17:00:00;178795,00;179080,00;178550,00;178795,00;26827146,00;750
WINQ26;02/06/2026;16:00:00;178980,00;179010,00;178685,00;178735,00;27077128,00;757
WINQ26;02/06/2026;15:00:00;178575,00;179280,00;178565,00;178975,00;50932028,00;1423
WINQ26;02/06/2026;14:00:00;178720,00;178745,00;178175,00;178520,00;31694082,00;888
WINQ26;02/06/2026;13:00:00;179075,00;179105,00;178655,00;178745,00;18567973,00;519
WINQ26;02/06/2026;12:00:00;178835,00;179290,00;178715,00;179100,00;30045906,00;839
WINQ26;02/06/2026;11:00:00;177670,00;179325,00;177270,00;178850,00;65595564,00;1838
WINQ26;02/06/2026;10:00:00;177550,00;178430,00;177240,00;177730,00;135634048,00;3814
WINQ26;02/06/2026;09:00:00;176395,00;177790,00;176395,00;177485,00;199390526,00;5627
WINQ26;01/06/2026;18:00:00;176580,00;176640,00;176330,00;176350,00;98529899,00;2792
WINQ26;01/06/2026;17:00:00;176710,00;176825,00;176460,00;176585,00;15431364,00;437
WINQ26;01/06/2026;16:00:00;176800,00;177125,00;176645,00;176745,00;17049723,00;482
WINQ26;01/06/2026;15:00:00;176810,00;176945,00;176675,00;176835,00;31544627,00;892
WINQ26;01/06/2026;14:00:00;177065,00;177255,00;176625,00;176850,00;45211950,00;1278
WINQ26;01/06/2026;13:00:00;176795,00;177055,00;176145,00;177045,00;76596884,00;2170
WINQ26;01/06/2026;12:00:00;176430,00;177160,00;176325,00;176690,00;57746277,00;1633
WINQ26;01/06/2026;11:00:00;176945,00;177490,00;176400,00;176490,00;84092612,00;2377
WINQ26;01/06/2026;10:00:00;178545,00;178740,00;176565,00;177000,00;86024880,00;2426
WINQ26;01/06/2026;09:00:00;178555,00;179800,00;178385,00;178555,00;45597439,00;1274
WINQ26;29/05/2026;18:00:00;178385,00;178670,00;178235,00;178400,00;14841512,00;416
WINQ26;29/05/2026;17:00:00;178720,00;178730,00;178325,00;178400,00;63873103,00;1790
WINQ26;29/05/2026;16:00:00;178410,00;178950,00;178310,00;178580,00;69744674,00;1952
WINQ26;29/05/2026;15:00:00;178405,00;178600,00;178270,00;178495,00;19097835,00;535
WINQ26;29/05/2026;14:00:00;177855,00;178630,00;177850,00;178495,00;59579975,00;1670
WINQ26;29/05/2026;13:00:00;177930,00;178065,00;177805,00;177850,00;24769845,00;696
WINQ26;29/05/2026;12:00:00;178130,00;178685,00;177735,00;177930,00;93359566,00;2622
WINQ26;29/05/2026;11:00:00;178015,00;178170,00;177240,00;178035,00;77885762,00;2191
WINQ26;29/05/2026;10:00:00;179375,00;179660,00;177485,00;177975,00;192227086,00;5387
WINQ26;29/05/2026;09:00:00;179650,00;179935,00;179130,00;179275,00;109917949,00;3062
WINQ26;28/05/2026;18:00:00;179320,00;179330,00;179055,00;179210,00;42898076,00;1197
WINQ26;28/05/2026;17:00:00;179860,00;179860,00;179225,00;179225,00;13429895,00;374
WINQ26;28/05/2026;16:00:00;180135,00;180150,00;179785,00;179840,00;33720761,00;937
WINQ26;28/05/2026;15:00:00;180765,00;180800,00;180060,00;180260,00;31549700,00;875
WINQ26;28/05/2026;14:00:00;180525,00;180850,00;180200,00;180825,00;37464813,00;1037
WINQ26;28/05/2026;13:00:00;180260,00;180675,00;180160,00;180565,00;20278117,00;562
WINQ26;28/05/2026;12:00:00;180450,00;180715,00;180235,00;180355,00;46011278,00;1275
WINQ26;28/05/2026;11:00:00;180410,00;181510,00;180055,00;180475,00;86415348,00;2390
WINQ26;28/05/2026;10:00:00;180740,00;181245,00;179305,00;180350,00;205253150,00;5690
WINQ26;28/05/2026;09:00:00;179865,00;181125,00;179295,00;180655,00;140663603,00;3898
WINQ26;27/05/2026;18:00:00;180500,00;180545,00;180350,00;180385,00;26714166,00;740
WINQ26;27/05/2026;17:00:00;180640,00;180780,00;180480,00;180580,00;41966974,00;1162
WINQ26;27/05/2026;16:00:00;180650,00;180800,00;180495,00;180615,00;39460798,00;1092
WINQ26;27/05/2026;15:00:00;180555,00;181000,00;180410,00;180655,00;26437570,00;731
WINQ26;27/05/2026;14:00:00;181110,00;181110,00;180250,00;180725,00;38083417,00;1054
WINQ26;27/05/2026;13:00:00;181530,00;181535,00;181120,00;181120,00;6671305,00;184
WINQ26;27/05/2026;12:00:00;181780,00;181995,00;181180,00;181475,00;16782093,00;462
WINQ26;27/05/2026;11:00:00;181800,00;181955,00;180965,00;181835,00;31502361,00;868
WINQ26;27/05/2026;10:00:00;182400,00;182810,00;181195,00;182000,00;106421833,00;2924
WINQ26;27/05/2026;09:00:00;181050,00;183180,00;180620,00;182480,00;125557703,00;3442
WINQ26;26/05/2026;18:00:00;181505,00;181505,00;181215,00;181245,00;3844463,00;106
WINQ26;26/05/2026;17:00:00;181285,00;181545,00;181210,00;181545,00;12733318,00;351
WINQ26;26/05/2026;16:00:00;180665,00;181265,00;180620,00;181260,00;17378281,00;480
WINQ26;26/05/2026;15:00:00;180780,00;180920,00;180535,00;180710,00;15510662,00;429
WINQ26;26/05/2026;14:00:00;180600,00;180880,00;180460,00;180660,00;12433670,00;344
WINQ26;26/05/2026;13:00:00;180890,00;180950,00;180340,00;180615,00;14011812,00;388
WINQ26;26/05/2026;12:00:00;181190,00;181225,00;180485,00;180870,00;19458418,00;538
WINQ26;26/05/2026;11:00:00;180845,00;181325,00;180370,00;181210,00;82512313,00;2282
WINQ26;26/05/2026;10:00:00;182255,00;182470,00;180555,00;180810,00;136303099,00;3755
WINQ26;26/05/2026;09:00:00;182765,00;182785,00;181945,00;182190,00;47480202,00;1302
WINQ26;25/05/2026;18:00:00;182875,00;183020,00;182875,00;182995,00;4573952,00;125
WINQ26;25/05/2026;17:00:00;182755,00;183025,00;182750,00;182900,00;32591328,00;891
WINQ26;25/05/2026;16:00:00;182630,00;182750,00;182285,00;182750,00;9494407,00;260
WINQ26;25/05/2026;15:00:00;182315,00;182695,00;182300,00;182695,00;10879325,00;298
WINQ26;25/05/2026;14:00:00;181965,00;182490,00;181930,00;182325,00;24969428,00;685
WINQ26;25/05/2026;13:00:00;181775,00;182020,00;181435,00;181990,00;12974631,00;357
WINQ26;25/05/2026;12:00:00;181715,00;182050,00;181630,00;181800,00;7384119,00;203
WINQ26;25/05/2026;11:00:00;181800,00;181995,00;181600,00;181740,00;11159085,00;307
WINQ26;25/05/2026;10:00:00;182200,00;182365,00;181690,00;181750,00;22277671,00;612
WINQ26;25/05/2026;09:00:00;182740,00;183845,00;182200,00;182250,00;107568510,00;2940
WINQ26;22/05/2026;18:00:00;181385,00;181485,00;181320,00;181355,00;3627319,00;100
WINQ26;22/05/2026;17:00:00;181210,00;181575,00;181170,00;181355,00;8888744,00;245
WINQ26;22/05/2026;16:00:00;181445,00;181575,00;181125,00;181275,00;24518158,00;676
WINQ26;22/05/2026;15:00:00;181395,00;181540,00;181220,00;181445,00;50526495,00;1393
WINQ26;22/05/2026;14:00:00;181090,00;181815,00;180990,00;181480,00;49045993,00;1352
WINQ26;22/05/2026;13:00:00;180740,00;181080,00;180645,00;181070,00;18052843,00;499
WINQ26;22/05/2026;12:00:00;180000,00;180735,00;179920,00;180590,00;17973823,00;498
WINQ26;22/05/2026;11:00:00;181400,00;181460,00;180000,00;180000,00;31698640,00;878
WINQ26;22/05/2026;10:00:00;181555,00;181790,00;181000,00;181660,00;25359748,00;699
WINQ26;22/05/2026;09:00:00;182260,00;182455,00;181300,00;181630,00;27564255,00;758
WINQ26;21/05/2026;18:00:00;182605,00;182670,00;182355,00;182455,00;4452522,00;122
WINQ26;21/05/2026;17:00:00;182935,00;182935,00;182550,00;182720,00;6798424,00;186
WINQ26;21/05/2026;16:00:00;182510,00;183005,00;182470,00;183000,00;75465634,00;2065
WINQ26;21/05/2026;15:00:00;183360,00;183380,00;182285,00;182350,00;38906438,00;1064
WINQ26;21/05/2026;14:00:00;182000,00;183920,00;182000,00;183225,00;75630305,00;2065
WINQ26;21/05/2026;13:00:00;181830,00;182150,00;181830,00;182040,00;10119191,00;278
WINQ26;21/05/2026;12:00:00;181590,00;181980,00;181420,00;181805,00;21260960,00;585
WINQ26;21/05/2026;11:00:00;181915,00;181975,00;181220,00;181600,00;77478277,00;2133
WINQ26;21/05/2026;10:00:00;181460,00;182375,00;180915,00;181935,00;47948959,00;1321
WINQ26;21/05/2026;09:00:00;181960,00;182400,00;181000,00;181460,00;90759220,00;2499
WINQ26;20/05/2026;18:00:00;182440,00;182460,00;182100,00;182170,00;4483144,00;123
WINQ26;20/05/2026;17:00:00;182800,00;182800,00;182350,00;182365,00;10623662,00;291
WINQ26;20/05/2026;16:00:00;183290,00;183460,00;182800,00;182870,00;8023112,00;219
WINQ26;20/05/2026;15:00:00;183000,00;183400,00;182985,00;183310,00;9015737,00;246
WINQ26;20/05/2026;14:00:00;183230,00;183500,00;183040,00;183040,00;17853759,00;487
WINQ26;20/05/2026;13:00:00;182620,00;183315,00;182595,00;183315,00;7866389,00;215
WINQ26;20/05/2026;12:00:00;182300,00;183220,00;182190,00;182650,00;33640997,00;920
WINQ26;20/05/2026;11:00:00;182500,00;182855,00;181415,00;182240,00;74602017,00;2047
WINQ26;20/05/2026;10:00:00;180375,00;182640,00;180345,00;182455,00;145887469,00;4016
WINQ26;20/05/2026;09:00:00;180175,00;181050,00;179925,00;180250,00;55696399,00;1543
WINQ26;19/05/2026;18:00:00;179785,00;180105,00;179785,00;179920,00;13783659,00;383
WINQ26;19/05/2026;17:00:00;179245,00;179770,00;179230,00;179740,00;78788653,00;2193
WINQ26;19/05/2026;16:00:00;179450,00;179480,00;179070,00;179240,00;21841071,00;609
WINQ26;19/05/2026;15:00:00;179995,00;179995,00;179365,00;179445,00;37744025,00;1050
WINQ26;19/05/2026;14:00:00;180490,00;180560,00;179960,00;180065,00;48380142,00;1342
WINQ26;19/05/2026;13:00:00;179880,00;180620,00;179525,00;180535,00;113244662,00;3144
WINQ26;19/05/2026;12:00:00;179955,00;180215,00;179615,00;179850,00;87998239,00;2447
WINQ26;19/05/2026;11:00:00;180675,00;181300,00;179710,00;179915,00;151545293,00;4199
WINQ26;19/05/2026;10:00:00;180090,00;180845,00;178800,00;180765,00;271517338,00;7552
WINQ26;19/05/2026;09:00:00;181890,00;182355,00;180055,00;180090,00;61392378,00;1695
WINQ26;18/05/2026;18:00:00;182785,00;183065,00;182785,00;183025,00;9514453,00;260
WINQ26;18/05/2026;17:00:00;182620,00;182850,00;182510,00;182785,00;25143888,00;688
WINQ26;18/05/2026;16:00:00;181275,00;182775,00;181270,00;182750,00;40765035,00;1119
WINQ26;18/05/2026;15:00:00;181880,00;181880,00;181225,00;181355,00;16299849,00;449
WINQ26;18/05/2026;14:00:00;182290,00;182325,00;181845,00;181845,00;7828736,00;215
WINQ26;18/05/2026;13:00:00;182230,00;182510,00;182055,00;182340,00;12650688,00;347
WINQ26;18/05/2026;12:00:00;182170,00;182500,00;181870,00;182265,00;13412377,00;368
WINQ26;18/05/2026;11:00:00;182220,00;182240,00;181470,00;182160,00;24407557,00;671
WINQ26;18/05/2026;10:00:00;182085,00;182540,00;181470,00;182355,00;82853131,00;2274
WINQ26;18/05/2026;09:00:00;182660,00;183200,00;181680,00;182010,00;33432046,00;918
WINQ26;15/05/2026;18:00:00;182780,00;183000,00;182680,00;182860,00;8266014,00;226
WINQ26;15/05/2026;17:00:00;182740,00;182880,00;182440,00;182815,00;28919125,00;791
WINQ26;15/05/2026;16:00:00;182130,00;182955,00;182035,00;182895,00;18610365,00;510
WINQ26;15/05/2026;15:00:00;182590,00;182700,00;181935,00;182110,00;32713351,00;898
WINQ26;15/05/2026;14:00:00;182250,00;182585,00;182200,00;182570,00;10252456,00;281
WINQ26;15/05/2026;13:00:00;182075,00;182520,00;181990,00;182320,00;15197803,00;417
WINQ26;15/05/2026;12:00:00;181705,00;182230,00;181700,00;182040,00;13283836,00;365
WINQ26;15/05/2026;11:00:00;181440,00;182500,00;181155,00;181680,00;69591239,00;1914
WINQ26;15/05/2026;10:00:00;181055,00;181720,00;180825,00;181370,00;268628967,00;7412
WINQ26;15/05/2026;09:00:00;182995,00;182995,00;181060,00;181100,00;552707437,00;15214
WINQ26;14/05/2026;18:00:00;184200,00;184390,00;184150,00;184390,00;5821554,00;158
WINQ26;14/05/2026;17:00:00;184060,00;184355,00;184025,00;184225,00;61257205,00;1662
WINQ26;14/05/2026;16:00:00;184285,00;184420,00;184000,00;184040,00;17228369,00;468
WINQ26;14/05/2026;15:00:00;184715,00;184725,00;184050,00;184135,00;27130025,00;736
WINQ26;14/05/2026;14:00:00;184665,00;185110,00;184630,00;184775,00;27336587,00;739
WINQ26;14/05/2026;13:00:00;184680,00;184785,00;184355,00;184635,00;10228273,00;277
WINQ26;14/05/2026;12:00:00;184560,00;184775,00;184465,00;184670,00;48497607,00;1313
WINQ26;14/05/2026;11:00:00;183725,00;184685,00;183725,00;184600,00;44649206,00;1211
WINQ26;14/05/2026;10:00:00;184255,00;184420,00;183290,00;183625,00;73610163,00;2000
WINQ26;14/05/2026;09:00:00;182400,00;184350,00;182200,00;184235,00;139674299,00;3802
WINQ26;13/05/2026;18:00:00;182770,00;182770,00;182455,00;182615,00;52345826,00;1434
WINQ26;13/05/2026;17:00:00;182735,00;182885,00;182415,00;182770,00;17908049,00;490
WINQ26;13/05/2026;16:00:00;183120,00;183230,00;182440,00;182715,00;16309261,00;446
WINQ26;13/05/2026;15:00:00;184120,00;184405,00;182380,00;183180,00;536563786,00;14610
WINQ26;13/05/2026;14:00:00;185740,00;185740,00;184000,00;184080,00;198994882,00;5389
WINQ26;13/05/2026;13:00:00;186190,00;186375,00;185735,00;185765,00;21891180,00;588
WINQ26;13/05/2026;12:00:00;186145,00;186190,00;185805,00;186095,00;22433418,00;603
WINQ26;13/05/2026;11:00:00;185550,00;186180,00;185435,00;185975,00;27297219,00;734
WINQ26;13/05/2026;10:00:00;185715,00;186055,00;184470,00;185575,00;155049125,00;4181
WINQ26;13/05/2026;09:00:00;186540,00;186540,00;185220,00;185720,00;163829449,00;4414
WINQ26;12/05/2026;18:00:00;186505,00;186575,00;186370,00;186575,00;3692603,00;99
WINQ26;12/05/2026;17:00:00;186400,00;186520,00;186235,00;186500,00;15993107,00;429
WINQ26;12/05/2026;16:00:00;186380,00;186835,00;186380,00;186405,00;22168797,00;594
WINQ26;12/05/2026;15:00:00;186025,00;186595,00;185820,00;186265,00;29821795,00;800
WINQ26;12/05/2026;14:00:00;185985,00;186420,00;185940,00;186000,00;20809307,00;559
WINQ26;12/05/2026;13:00:00;186055,00;186240,00;185840,00;185935,00;22351264,00;601
WINQ26;12/05/2026;12:00:00;186155,00;186530,00;185820,00;186105,00;65642588,00;1764
WINQ26;12/05/2026;11:00:00;187200,00;187270,00;185875,00;186135,00;66747003,00;1792
WINQ26;12/05/2026;10:00:00;187235,00;187750,00;186185,00;187120,00;179314803,00;4798
WINQ26;12/05/2026;09:00:00;187895,00;187895,00;186800,00;187195,00;116207212,00;3105
WINQ26;11/05/2026;18:00:00;188025,00;188625,00;187975,00;188600,00;19099105,00;507
WINQ26;11/05/2026;17:00:00;188095,00;188135,00;187885,00;188065,00;17523937,00;466
WINQ26;11/05/2026;16:00:00;188130,00;188130,00;187655,00;188095,00;33283172,00;886
WINQ26;11/05/2026;15:00:00;188150,00;188345,00;187910,00;188145,00;28110025,00;747
WINQ26;11/05/2026;14:00:00;188100,00;188280,00;187880,00;188100,00;37418652,00;995
WINQ26;11/05/2026;13:00:00;188305,00;188335,00;187775,00;188175,00;102520326,00;2726
WINQ26;11/05/2026;12:00:00;188555,00;188700,00;188240,00;188360,00;73081406,00;1939
WINQ26;11/05/2026;11:00:00;189325,00;189425,00;188570,00;188620,00;110504644,00;2926
WINQ26;11/05/2026;10:00:00;189645,00;190635,00;189190,00;189300,00;62791242,00;1652
WINQ26;11/05/2026;09:00:00;190930,00;190930,00;189400,00;189610,00;54133671,00;1427
WINQ26;08/05/2026;18:00:00;190710,00;190820,00;190595,00;190795,00;11976544,00;314
WINQ26;08/05/2026;17:00:00;190560,00;190800,00;190380,00;190670,00;14144639,00;371
WINQ26;08/05/2026;16:00:00;190985,00;191000,00;190435,00;190645,00;16428566,00;431
WINQ26;08/05/2026;15:00:00;190815,00;191175,00;190745,00;190855,00;37123494,00;972
WINQ26;08/05/2026;14:00:00;190860,00;191020,00;190620,00;190875,00;17936040,00;470
WINQ26;08/05/2026;13:00:00;190890,00;191210,00;190840,00;190895,00;8060422,00;211
WINQ26;08/05/2026;12:00:00;191295,00;191295,00;190750,00;190750,00;12757632,00;334
WINQ26;08/05/2026;11:00:00;191250,00;191720,00;190770,00;191310,00;15642853,00;409
WINQ26;08/05/2026;10:00:00;191375,00;191970,00;190960,00;191305,00;78110616,00;2039
WINQ26;08/05/2026;09:00:00;189780,00;191545,00;189535,00;191425,00;167404727,00;4395
WINQ26;07/05/2026;18:00:00;189180,00;189180,00;188900,00;189115,00;78142295,00;2067
WINQ26;07/05/2026;17:00:00;189345,00;189535,00;189080,00;189225,00;82539818,00;2179
WINQ26;07/05/2026;16:00:00;189760,00;189800,00;189150,00;189340,00;209318802,00;5523
WINQ26;07/05/2026;15:00:00;189940,00;190095,00;189555,00;189770,00;250291393,00;6594
WINQ26;07/05/2026;14:00:00;189990,00;190180,00;189185,00;189885,00;408355147,00;10762
WINQ26;07/05/2026;13:00:00;190225,00;190500,00;189940,00;190005,00;297935469,00;7833
WINQ26;07/05/2026;12:00:00;190755,00;191000,00;190170,00;190265,00;285701879,00;7500
WINQ26;07/05/2026;11:00:00;190450,00;190835,00;190145,00;190750,00;175039866,00;4594
WINQ26;07/05/2026;10:00:00;193425,00;193425,00;190300,00;190430,00;130661297,00;3412
WINQ26;07/05/2026;09:00:00;194200,00;194545,00;193050,00;193425,00;76952357,00;1987
WINQ26;06/05/2026;18:00:00;193840,00;193920,00;193840,00;193910,00;66851184,00;1724
WINQ26;06/05/2026;17:00:00;194380,00;194405,00;193750,00;193855,00;162707715,00;4192
WINQ26;06/05/2026;16:00:00;194600,00;194875,00;194335,00;194500,00;12842612,00;330
WINQ26;06/05/2026;15:00:00;194175,00;194610,00;194065,00;194590,00;314857511,00;8101
WINQ26;06/05/2026;14:00:00;194535,00;194875,00;193980,00;194155,00;133029135,00;3427
WINQ26;06/05/2026;13:00:00;194575,00;194985,00;194350,00;194350,00;25271503,00;649
WINQ26;06/05/2026;12:00:00;194320,00;194830,00;194060,00;194600,00;105207886,00;2708
WINQ26;06/05/2026;11:00:00;194000,00;195000,00;193465,00;194340,00;311919275,00;8042
WINQ26;06/05/2026;10:00:00;195230,00;195420,00;194050,00;194050,00;103698517,00;2661
WINQ26;06/05/2026;09:00:00;195275,00;196420,00;194625,00;195290,00;175503716,00;4493
WINQ26;05/05/2026;18:00:00;193365,00;193450,00;193200,00;193400,00;81234886,00;2101
WINQ26;05/05/2026;17:00:00;193255,00;193510,00;193240,00;193325,00;4717974,00;122
WINQ26;05/05/2026;16:00:00;193500,00;193585,00;193190,00;193245,00;5454641,00;141
WINQ26;05/05/2026;15:00:00;193280,00;193595,00;193175,00;193595,00;6383432,00;165
WINQ26;05/05/2026;14:00:00;193265,00;193360,00;192925,00;193175,00;10469814,00;271
WINQ26;05/05/2026;13:00:00;194050,00;194085,00;193210,00;193210,00;15148702,00;391
WINQ26;05/05/2026;12:00:00;193265,00;194070,00;192970,00;193990,00;33403028,00;862
WINQ26;05/05/2026;11:00:00;192870,00;193310,00;192485,00;193220,00;19600707,00;508
WINQ26;05/05/2026;10:00:00;192000,00;193250,00;191980,00;192845,00;85642826,00;2222
WINQ26;05/05/2026;09:00:00;193305,00;193365,00;191930,00;192035,00;69062838,00;1795
WINQ26;04/05/2026;18:00:00;192260,00;192470,00;192260,00;192470,00;3000826,00;78
WINQ26;04/05/2026;17:00:00;192270,00;192330,00;192070,00;192165,00;8917217,00;232
WINQ26;04/05/2026;16:00:00;192490,00;192595,00;192240,00;192240,00;8276509,00;215
WINQ26;04/05/2026;15:00:00;192530,00;192660,00;192275,00;192410,00;9658481,00;251
WINQ26;04/05/2026;14:00:00;192355,00;192735,00;192255,00;192440,00;15165519,00;394
WINQ26;04/05/2026;13:00:00;192845,00;193030,00;192260,00;192350,00;32559578,00;845
WINQ26;04/05/2026;12:00:00;193480,00;193810,00;192620,00;192840,00;126469579,00;3275
WINQ26;04/05/2026;11:00:00;193740,00;194250,00;193410,00;193475,00;60001072,00;1548
WINQ26;04/05/2026;10:00:00;194025,00;194500,00;193525,00;193760,00;51901576,00;1339
WINQ26;04/05/2026;09:00:00;193220,00;194670,00;192890,00;194060,00;59779459,00;1539
WINQ26;30/04/2026;18:00:00;194030,00;194030,00;193815,00;193855,00;3102181,00;80
WINQ26;30/04/2026;17:00:00;194540,00;194540,00;193910,00;193935,00;16666590,00;429
WINQ26;30/04/2026;16:00:00;194540,00;194860,00;194540,00;194560,00;37114160,00;953
WINQ26;30/04/2026;15:00:00;194225,00;194590,00;194225,00;194520,00;41068076,00;1056
WINQ26;30/04/2026;14:00:00;193950,00;194360,00;193950,00;194200,00;42600909,00;1097
WINQ26;30/04/2026;13:00:00;193975,00;194125,00;193725,00;193975,00;50265078,00;1296
WINQ26;30/04/2026;12:00:00;193805,00;194160,00;193660,00;194060,00;15159676,00;391
WINQ26;30/04/2026;11:00:00;193725,00;194120,00;193165,00;193835,00;102121993,00;2636
WINQ26;30/04/2026;10:00:00;192765,00;193800,00;192665,00;193745,00;239582446,00;6197
WINQ26;30/04/2026;09:00:00;191200,00;193050,00;191010,00;192675,00;259382418,00;6732
WINQ26;29/04/2026;18:00:00;191050,00;191050,00;190745,00;190800,00;35002725,00;917
WINQ26;29/04/2026;17:00:00;191600,00;191755,00;191060,00;191095,00;85905562,00;2245
WINQ26;29/04/2026;16:00:00;192040,00;192100,00;191360,00;191575,00;49342275,00;1287
WINQ26;29/04/2026;15:00:00;192575,00;192575,00;191750,00;192055,00;88688230,00;2308
WINQ26;29/04/2026;14:00:00;192705,00;192800,00;192400,00;192600,00;91172776,00;2366
WINQ26;29/04/2026;13:00:00;192745,00;192995,00;192610,00;192740,00;53820969,00;1396
WINQ26;29/04/2026;12:00:00;193800,00;193820,00;192550,00;192710,00;166190989,00;4301
WINQ26;29/04/2026;11:00:00;193385,00;193785,00;193200,00;193775,00;178180954,00;4604
WINQ26;29/04/2026;10:00:00;194550,00;194620,00;193380,00;193405,00;185748185,00;4790
WINQ26;29/04/2026;09:00:00;195530,00;195540,00;194550,00;194655,00;128727303,00;3300
WINQ26;28/04/2026;18:00:00;195820,00;195820,00;195570,00;195625,00;4618039,00;118
WINQ26;28/04/2026;17:00:00;195755,00;195850,00;195720,00;195790,00;10299379,00;263
WINQ26;28/04/2026;16:00:00;195710,00;195910,00;195590,00;195745,00;9318340,00;238
WINQ26;28/04/2026;15:00:00;196010,00;196075,00;195670,00;195740,00;10773002,00;275
WINQ26;28/04/2026;14:00:00;195935,00;196205,00;195645,00;196005,00;11681220,00;298
WINQ26;28/04/2026;13:00:00;195735,00;196000,00;195555,00;195890,00;15431514,00;394
WINQ26;28/04/2026;12:00:00;195035,00;195750,00;195035,00;195735,00;70441673,00;1804
WINQ26;28/04/2026;11:00:00;195360,00;195675,00;194600,00;194935,00;92976237,00;2385
WINQ26;28/04/2026;10:00:00;195305,00;195820,00;194485,00;195350,00;116879410,00;2996
WINQ26;28/04/2026;09:00:00;196235,00;196700,00;195170,00;195315,00;112944243,00;2888
WINQ26;27/04/2026;18:00:00;196815,00;196825,00;196610,00;196630,00;10625685,00;270
WINQ26;27/04/2026;17:00:00;196975,00;196985,00;196745,00;196775,00;17125751,00;435
WINQ26;27/04/2026;16:00:00;197370,00;197405,00;196920,00;196960,00;11119680,00;282
WINQ26;27/04/2026;15:00:00;197475,00;197725,00;197305,00;197305,00;8335352,00;211
WINQ26;27/04/2026;14:00:00;197425,00;197675,00;197085,00;197565,00;15987561,00;405
WINQ26;27/04/2026;13:00:00;197740,00;197785,00;197235,00;197370,00;11340648,00;287
WINQ26;27/04/2026;12:00:00;197510,00;197805,00;197335,00;197800,00;16355365,00;414
WINQ26;27/04/2026;11:00:00;198350,00;198670,00;197425,00;197490,00;19642554,00;496
WINQ26;27/04/2026;10:00:00;198350,00;198750,00;197820,00;198375,00;56107418,00;1415
WINQ26;27/04/2026;09:00:00;198460,00;199170,00;198300,00;198400,00;30007632,00;755
WINQ26;24/04/2026;18:00:00;198345,00;198505,00;198325,00;198325,00;2301417,00;58
WINQ26;24/04/2026;17:00:00;198160,00;198400,00;198120,00;198325,00;34625554,00;873
WINQ26;24/04/2026;16:00:00;198205,00;198250,00;197860,00;198100,00;14100556,00;356
WINQ26;24/04/2026;15:00:00;197800,00;198205,00;197610,00;198165,00;17142238,00;433
WINQ26;24/04/2026;14:00:00;197655,00;198015,00;197490,00;197840,00;26374220,00;667
WINQ26;24/04/2026;13:00:00;197970,00;197970,00;197410,00;197550,00;5177522,00;131
WINQ26;24/04/2026;12:00:00;197750,00;198185,00;197500,00;198025,00;21292010,00;538
WINQ26;24/04/2026;11:00:00;198500,00;198530,00;197420,00;197735,00;18456738,00;466
WINQ26;24/04/2026;10:00:00;198630,00;198980,00;197550,00;198605,00;75817319,00;1914
WINQ26;24/04/2026;09:00:00;199130,00;199370,00;198150,00;198630,00;79187523,00;1991
WINQ26;23/04/2026;18:00:00;198800,00;198800,00;198595,00;198595,00;6437155,00;162
WINQ26;23/04/2026;17:00:00;199070,00;199110,00;198800,00;198915,00;45897263,00;1154
WINQ26;23/04/2026;16:00:00;199565,00;199565,00;198895,00;199130,00;73715092,00;1851
WINQ26;23/04/2026;15:00:00;199400,00;199885,00;199375,00;199510,00;92905525,00;2326
WINQ26;23/04/2026;14:00:00;200140,00;200140,00;198400,00;199500,00;62338266,00;1566
WINQ26;23/04/2026;13:00:00;199665,00;200340,00;199400,00;200095,00;21121203,00;528
WINQ26;23/04/2026;12:00:00;199920,00;200175,00;199630,00;199665,00;15031854,00;376
WINQ26;23/04/2026;11:00:00;200075,00;200420,00;199750,00;199945,00;22091481,00;552
WINQ26;23/04/2026;10:00:00;200490,00;200965,00;199605,00;200120,00;46918580,00;1171
WINQ26;23/04/2026;09:00:00;200210,00;200560,00;199940,00;200335,00;145094291,00;3622
WINQ26;22/04/2026;18:00:00;200415,00;200440,00;200100,00;200100,00;29844951,00;745
WINQ26;22/04/2026;17:00:00;200585,00;200650,00;200410,00;200530,00;33539134,00;836
WINQ26;22/04/2026;16:00:00;200625,00;200700,00;200350,00;200585,00;87912316,00;2192
WINQ26;22/04/2026;15:00:00;200660,00;200910,00;200545,00;200645,00;58083608,00;1447
WINQ26;22/04/2026;14:00:00;200685,00;201010,00;200580,00;200695,00;72322169,00;1801
WINQ26;22/04/2026;13:00:00;201395,00;201450,00;200495,00;200695,00;130328969,00;3245
WINQ26;22/04/2026;12:00:00;201380,00;201455,00;201000,00;201345,00;102367647,00;2543
WINQ26;22/04/2026;11:00:00;202630,00;202795,00;201000,00;201375,00;193878937,00;4804
WINQ26;22/04/2026;10:00:00;202975,00;203670,00;201980,00;202560,00;80829736,00;1994
WINQ26;22/04/2026;09:00:00;204475,00;204610,00;202565,00;202990,00;123413547,00;3035
WINQ26;20/04/2026;18:00:00;204090,00;204350,00;204040,00;204350,00;4451773,00;109
WINQ26;20/04/2026;17:00:00;204250,00;204250,00;204010,00;204120,00;7796113,00;191
WINQ26;20/04/2026;16:00:00;204085,00;204280,00;203905,00;204205,00;3224684,00;79
WINQ26;20/04/2026;15:00:00;204085,00;204315,00;203985,00;204020,00;7430874,00;182
WINQ26;20/04/2026;14:00:00;204275,00;204370,00;203865,00;204000,00;7633555,00;187
WINQ26;20/04/2026;13:00:00;204605,00;204715,00;204225,00;204235,00;7770142,00;190
WINQ26;20/04/2026;12:00:00;204240,00;204675,00;203910,00;204580,00;14554208,00;356
WINQ26;20/04/2026;11:00:00;203740,00;204500,00;203155,00;204095,00;29235283,00;717
WINQ26;20/04/2026;10:00:00;204065,00;204670,00;203450,00;203770,00;37470723,00;918
WINQ26;20/04/2026;09:00:00;203445,00;204200,00;203300,00;204095,00;44054442,00;1081
WINQ26;17/04/2026;18:00:00;203915,00;203915,00;203465,00;203465,00;7736478,00;190
WINQ26;17/04/2026;17:00:00;203640,00;204140,00;203640,00;203900,00;16438575,00;403
WINQ26;17/04/2026;16:00:00;203680,00;203940,00;203520,00;203635,00;34342840,00;843
WINQ26;17/04/2026;15:00:00;204450,00;204450,00;203330,00;203725,00;14149254,00;347
WINQ26;17/04/2026;14:00:00;204410,00;204570,00;204120,00;204450,00;11160387,00;273
WINQ26;17/04/2026;13:00:00;204185,00;204545,00;204065,00;204460,00;43419293,00;1062
WINQ26;17/04/2026;12:00:00;204070,00;204505,00;203745,00;204185,00;144983795,00;3550
WINQ26;17/04/2026;11:00:00;205600,00;205660,00;203540,00;204030,00;223800257,00;5473
WINQ26;17/04/2026;10:00:00;206920,00;207355,00;205235,00;205725,00;196136849,00;4756
WINQ26;17/04/2026;09:00:00;205230,00;207105,00;205120,00;206890,00;89818487,00;2175
WINQ26;16/04/2026;18:00:00;204870,00;204870,00;204635,00;204745,00;7864268,00;192
WINQ26;16/04/2026;17:00:00;204865,00;205030,00;204770,00;204890,00;4998372,00;122
WINQ26;16/04/2026;16:00:00;204590,00;204930,00;204575,00;204885,00;16831875,00;411
WINQ26;16/04/2026;15:00:00;204645,00;204990,00;204460,00;204545,00;72194893,00;1763
WINQ26;16/04/2026;14:00:00;205055,00;205090,00;204535,00;204695,00;72385275,00;1767
WINQ26;16/04/2026;13:00:00;205485,00;205500,00;204840,00;205085,00;18789403,00;458
WINQ26;16/04/2026;12:00:00;204750,00;205465,00;204750,00;205465,00;35654089,00;869
WINQ26;16/04/2026;11:00:00;205475,00;205690,00;204585,00;204785,00;166242084,00;4055
WINQ26;16/04/2026;10:00:00;206685,00;206685,00;205315,00;205515,00;101560366,00;2466
WINQ26;16/04/2026;09:00:00;205635,00;206880,00;205635,00;206740,00;101912663,00;2470
WINQ26;15/04/2026;18:00:00;205610,00;205695,00;205525,00;205525,00;20560987,00;500
WINQ26;15/04/2026;17:00:00;205675,00;205790,00;205500,00;205565,00;2714389,00;66
WINQ26;15/04/2026;16:00:00;206025,00;206130,00;205330,00;205650,00;14624860,00;356
WINQ26;15/04/2026;15:00:00;205425,00;206250,00;205325,00;206065,00;5804535,00;141
WINQ26;15/04/2026;14:00:00;205350,00;205505,00;205190,00;205500,00;4887147,00;119
WINQ26;15/04/2026;13:00:00;205500,00;205575,00;205025,00;205300,00;1806729,00;44
WINQ26;15/04/2026;12:00:00;205865,00;205990,00;205400,00;205505,00;1767718,00;43
WINQ26;15/04/2026;11:00:00;206500,00;206500,00;205500,00;205625,00;3460540,00;84
WINQ26;15/04/2026;10:00:00;205800,00;207250,00;205800,00;206045,00;39342857,00;951
WINQ26;15/04/2026;09:00:00;206100,00;206570,00;205610,00;206200,00;15989802,00;388
WINQ26;14/04/2026;18:00:00;206800,00;206800,00;206800,00;206800,00;41360,00;1
WINQ26;14/04/2026;17:00:00;206800,00;207000,00;206800,00;206800,00;20725346,00;501
WINQ26;14/04/2026;16:00:00;206880,00;207105,00;206880,00;207105,00;703522,00;17
WINQ26;14/04/2026;15:00:00;206830,00;206970,00;206600,00;206600,00;992766,00;24
WINQ26;14/04/2026;14:00:00;207025,00;207170,00;206750,00;206750,00;1324760,00;32
WINQ26;14/04/2026;13:00:00;206770,00;206875,00;206565,00;206845,00;165411,00;4
WINQ26;14/04/2026;12:00:00;206640,00;206970,00;206500,00;206970,00;702577,00;17
WINQ26;14/04/2026;11:00:00;207500,00;207535,00;206870,00;206920,00;2983254,00;72
WINQ26;14/04/2026;10:00:00;206790,00;207225,00;206285,00;207225,00;2109706,00;51
WINQ26;14/04/2026;09:00:00;206175,00;207000,00;206135,00;206655,00;1899887,00;46
WINQ26;13/04/2026;18:00:00;206160,00;206160,00;205995,00;205995,00;1195596,00;29
WINQ26;13/04/2026;17:00:00;206095,00;206165,00;205900,00;206160,00;3587084,00;87
WINQ26;13/04/2026;16:00:00;206155,00;206235,00;206105,00;206235,00;412331,00;10
WINQ26;13/04/2026;15:00:00;206220,00;206220,00;206220,00;206220,00;41244,00;1
WINQ26;13/04/2026;14:00:00;205800,00;206150,00;205800,00;206105,00;947662,00;23
WINQ26;13/04/2026;13:00:00;204990,00;205695,00;204990,00;205320,00;616377,00;15
WINQ26;13/04/2026;12:00:00;204920,00;204920,00;204920,00;204920,00;81968,00;2
WINQ26;13/04/2026;11:00:00;204770,00;205190,00;204770,00;205190,00;122946,00;3
WINQ26;13/04/2026;10:00:00;204855,00;205000,00;204855,00;204900,00;286951,00;7
WINQ26;13/04/2026;09:00:00;205250,00;205250,00;204470,00;204500,00;3600106,00;88
WINQ26;10/04/2026;18:00:00;206000,00;206000,00;205995,00;205995,00;288394,00;7
WINQ26;10/04/2026;17:00:00;205500,00;205960,00;205500,00;205960,00;2511851,00;61
WINQ26;10/04/2026;16:00:00;205250,00;205500,00;205250,00;205500,00;287510,00;7
WINQ26;10/04/2026;15:00:00;204655,00;205250,00;204605,00;205250,00;1391571,00;34
WINQ26;10/04/2026;14:00:00;204600,00;204600,00;204600,00;204600,00;40920,00;1
WINQ26;10/04/2026;13:00:00;205000,00;205200,00;204800,00;204800,00;205080,00;5
WINQ26;10/04/2026;12:00:00;205245,00;205245,00;204700,00;204700,00;246027,00;6
WINQ26;10/04/2026;11:00:00;205585,00;205900,00;205400,00;205400,00;863857,00;21
WINQ26;10/04/2026;10:00:00;204300,00;205160,00;204300,00;205160,00;1147422,00;28
WINQ26;10/04/2026;09:00:00;203710,00;204265,00;203540,00;204185,00;2897618,00;71
WINQ26;09/04/2026;18:00:00;203800,00;203920,00;203710,00;203710,00;285382,00;7
WINQ26;09/04/2026;17:00:00;203630,00;203630,00;203630,00;203630,00;40726,00;1
WINQ26;09/04/2026;15:00:00;203185,00;203365,00;203185,00;203365,00;447331,00;11
WINQ26;09/04/2026;14:00:00;203600,00;203765,00;203600,00;203740,00;122221,00;3
WINQ26;09/04/2026;13:00:00;203060,00;203060,00;203040,00;203040,00;81220,00;2
WINQ26;09/04/2026;12:00:00;202975,00;203460,00;202835,00;203460,00;609402,00;15
WINQ26;09/04/2026;10:00:00;201750,00;202000,00;201750,00;202000,00;525088,00;13
WINQ26;09/04/2026;09:00:00;201010,00;201500,00;200930,00;201500,00;442346,00;11
WINQ26;08/04/2026;16:00:00;200200,00;200405,00;200180,00;200405,00;520526,00;13
WINQ26;08/04/2026;15:00:00;200210,00;200210,00;200105,00;200130,00;4124289,00;103
WINQ26;08/04/2026;14:00:00;200530,00;200530,00;200530,00;200530,00;40106,00;1
WINQ26;08/04/2026;13:00:00;200450,00;200450,00;200195,00;200210,00;320471,00;8
WINQ26;08/04/2026;12:00:00;200505,00;200615,00;200305,00;200500,00;2527619,00;63
WINQ26;08/04/2026;10:00:00;202750,00;203000,00;200280,00;200305,00;442995,00;11
WINQ26;08/04/2026;09:00:00;200000,00;202750,00;200000,00;202750,00;965965,00;24
WINQ26;07/04/2026;18:00:00;196910,00;196910,00;196910,00;196910,00;39382,00;1
WINQ26;07/04/2026;17:00:00;196500,00;197000,00;196500,00;197000,00;236211,00;6
WINQ26;07/04/2026;16:00:00;195820,00;196430,00;195500,00;196430,00;4112430,00;105
WINQ26;07/04/2026;14:00:00;196110,00;196110,00;196110,00;196110,00;39222,00;1
WINQ26;07/04/2026;13:00:00;195590,00;195590,00;195590,00;195590,00;39118,00;1
WINQ26;07/04/2026;12:00:00;195250,00;195250,00;195250,00;195250,00;39050,00;1
WINQ26;07/04/2026;11:00:00;195140,00;195600,00;195140,00;195600,00;117199,00;3
WINQ26;07/04/2026;10:00:00;195610,00;195610,00;194500,00;194695,00;350861,00;9
WINQ26;07/04/2026;09:00:00;196265,00;196295,00;194770,00;195400,00;782048,00;20
WINQ26;06/04/2026;17:00:00;196400,00;196400,00;196400,00;196400,00;78560,00;2
WINQ26;06/04/2026;14:00:00;196540,00;196540,00;196540,00;196540,00;39308,00;1
WINQ26;06/04/2026;10:00:00;197300,00;197300,00;196540,00;196540,00;3346269,00;85
WINQ26;06/04/2026;09:00:00;197500,00;197500,00;197235,00;197345,00;276282,00;7
WINQ26;02/04/2026;18:00:00;196705,00;196705,00;195925,00;195925,00;117867,00;3
WINQ26;02/04/2026;16:00:00;196300,00;196450,00;196300,00;196450,00;117830,00;3
WINQ26;02/04/2026;14:00:00;195910,00;195910,00;195600,00;195600,00;156572,00;4
WINQ26;02/04/2026;12:00:00;197140,00;197640,00;197140,00;197515,00;1145672,00;29
WINQ26;02/04/2026;11:00:00;195835,00;197130,00;195835,00;197000,00;2120947,00;54
WINQ26;02/04/2026;10:00:00;193370,00;194000,00;193110,00;194000,00;116096,00;3
WINQ26;02/04/2026;09:00:00;193760,00;193800,00;193240,00;193720,00;580443,00;15
WINQ26;01/04/2026;16:00:00;196490,00;196580,00;196200,00;196580,00;117854,00;3
WINQ26;01/04/2026;15:00:00;197000,00;197000,00;196490,00;196490,00;78698,00;2
WINQ26;01/04/2026;14:00:00;197600,00;197650,00;197600,00;197650,00;79050,00;2
WINQ26;01/04/2026;13:00:00;197100,00;197340,00;197100,00;197340,00;118338,00;3
WINQ26;01/04/2026;12:00:00;197070,00;197070,00;197000,00;197000,00;78814,00;2
WINQ26;01/04/2026;11:00:00;196120,00;196770,00;196120,00;196770,00;275202,00;7
WINQ26;01/04/2026;10:00:00;196680,00;196680,00;196680,00;196680,00;39336,00;1
WINQ26;01/04/2026;09:00:00;196925,00;197500,00;196925,00;197400,00;118365,00;3
WINQ26;31/03/2026;18:00:00;196430,00;196500,00;196430,00;196500,00;314371,00;8
WINQ26;31/03/2026;17:00:00;196250,00;196450,00;195990,00;196275,00;196243,00;5
WINQ26;31/03/2026;16:00:00;195750,00;196150,00;195750,00;196150,00;4110942,00;105
WINQ26;31/03/2026;15:00:00;195995,00;196000,00;195750,00;196000,00;352749,00;9
WINQ26;31/03/2026;14:00:00;195500,00;196000,00;195500,00;195750,00;156605,00;4
WINQ26;31/03/2026;13:00:00;194330,00;195800,00;194330,00;195800,00;1171398,00;30
WINQ26;31/03/2026;12:00:00;193470,00;193850,00;193470,00;193850,00;77464,00;2
WINQ26;31/03/2026;11:00:00;194230,00;194230,00;193250,00;193250,00;77496,00;2
WINQ26;31/03/2026;10:00:00;193930,00;194815,00;193750,00;193805,00;504190,00;13
WINQ26;31/03/2026;09:00:00;193500,00;194350,00;193300,00;194285,00;387858,00;10
WINQ26;30/03/2026;17:00:00;191240,00;191240,00;191240,00;191240,00;38248,00;1
WINQ26;30/03/2026;15:00:00;191000,00;191000,00;191000,00;191000,00;38200,00;1
WINQ26;30/03/2026;12:00:00;192635,00;193000,00;192635,00;193000,00;77127,00;2
WINQ26;30/03/2026;10:00:00;192500,00;192500,00;191445,00;191445,00;115078,00;3
WINQ26;30/03/2026;09:00:00;190700,00;191245,00;190700,00;191245,00;152794,00;4
WINQ26;27/03/2026;18:00:00;189800,00;189800,00;189800,00;189800,00;37960,00;1
WINQ26;27/03/2026;16:00:00;189800,00;189800,00;189800,00;189800,00;379600,00;10
WINQ26;27/03/2026;15:00:00;189910,00;189910,00;189910,00;189910,00;37982,00;1
WINQ26;27/03/2026;12:00:00;192000,00;192000,00;192000,00;192000,00;76800,00;2
WINQ26;27/03/2026;10:00:00;190500,00;190500,00;190000,00;190000,00;152100,00;4
WINQ26;27/03/2026;09:00:00;191000,00;191340,00;190500,00;190800,00;229057,00;6
WINQ26;26/03/2026;17:00:00;192900,00;193220,00;192500,00;192500,00;115724,00;3
WINQ26;26/03/2026;16:00:00;191800,00;191800,00;191665,00;191665,00;76693,00;2
WINQ26;26/03/2026;14:00:00;191800,00;191800,00;191800,00;191800,00;76720,00;2
WINQ26;26/03/2026;10:00:00;192450,00;193440,00;192450,00;193440,00;848108,00;22
WINQ26;26/03/2026;09:00:00;192000,00;192200,00;192000,00;192200,00;153640,00;4
WINQ26;25/03/2026;18:00:00;194400,00;194400,00;194400,00;194400,00;77760,00;2
WINQ26;25/03/2026;15:00:00;195000,00;195000,00;194750,00;194750,00;77950,00;2
WINQ26;25/03/2026;14:00:00;194520,00;194520,00;194470,00;194470,00;77798,00;2
WINQ26;25/03/2026;12:00:00;194750,00;194750,00;194750,00;194750,00;38950,00;1
WINQ26;25/03/2026;11:00:00;194090,00;195000,00;194090,00;195000,00;116818,00;3
WINQ26;25/03/2026;10:00:00;194625,00;194625,00;194625,00;194625,00;389250,00;10
WINQ26;25/03/2026;09:00:00;195000,00;195000,00;193530,00;193590,00;426168,00;11
WINQ26;24/03/2026;18:00:00;193300,00;193300,00;193300,00;193300,00;193300,00;5
WINQ26;24/03/2026;17:00:00;191650,00;193300,00;191650,00;193100,00;1153429,00;30
WINQ26;24/03/2026;15:00:00;190990,00;190990,00;190990,00;190990,00;38198,00;1
WINQ26;24/03/2026;11:00:00;190600,00;190600,00;190600,00;190600,00;38120,00;1
WINQ26;24/03/2026;10:00:00;189000,00;189000,00;189000,00;189000,00;113400,00;3
WINQ26;24/03/2026;09:00:00;192000,00;192000,00;190470,00;190470,00;574470,00;15
WINQ26;23/03/2026;18:00:00;191800,00;191800,00;191800,00;191800,00;38360,00;1
WINQ26;23/03/2026;15:00:00;191000,00;192000,00;191000,00;192000,00;459580,00;12
WINQ26;23/03/2026;11:00:00;190360,00;191005,00;190360,00;191000,00;190873,00;5
WINQ26;23/03/2026;10:00:00;189000,00;190090,00;189000,00;190090,00;720608,00;19
WINQ26;23/03/2026;09:00:00;187075,00;187075,00;186800,00;186800,00;411510,00;11
WINQ26;20/03/2026;18:00:00;185600,00;186800,00;185600,00;186800,00;594741,00;16
WINQ26;20/03/2026;17:00:00;184865,00;185490,00;184800,00;185490,00;259132,00;7
WINQ26;20/03/2026;16:00:00;184315,00;184315,00;184100,00;184235,00;626388,00;17
WINQ26;20/03/2026;15:00:00;185020,00;185020,00;184140,00;184565,00;553663,00;15
WINQ26;20/03/2026;14:00:00;185070,00;185270,00;185070,00;185270,00;407512,00;11
WINQ26;20/03/2026;12:00:00;186275,00;186320,00;185995,00;185995,00;633237,00;17
WINQ26;20/03/2026;11:00:00;186580,00;186580,00;185500,00;185700,00;445816,00;12
WINQ26;20/03/2026;10:00:00;187945,00;187945,00;187155,00;187155,00;1572329,00;42
WINQ26;19/03/2026;17:00:00;189865,00;189865,00;189865,00;189865,00;37973,00;1
WINQ26;19/03/2026;16:00:00;189040,00;190585,00;189040,00;189395,00;2735027,00;72
WINQ26;19/03/2026;11:00:00;187400,00;187400,00;187400,00;187400,00;37480,00;1
WINQ26;19/03/2026;10:00:00;186310,00;186955,00;186310,00;186955,00;112044,00;3
WINQ26;19/03/2026;09:00:00;187155,00;187155,00;187155,00;187155,00;935775,00;25
WINQ26;18/03/2026;18:00:00;188230,00;188230,00;188230,00;188230,00;112938,00;3
WINQ26;18/03/2026;17:00:00;189000,00;189000,00;189000,00;189000,00;189000,00;5
WINQ26;18/03/2026;16:00:00;189445,00;189445,00;189445,00;189445,00;37889,00;1
WINQ26;18/03/2026;14:00:00;190600,00;190830,00;190600,00;190830,00;305098,00;8
WINQ26;18/03/2026;13:00:00;190320,00;190320,00;190320,00;190320,00;38064,00;1
WINQ26;18/03/2026;11:00:00;190520,00;190520,00;190520,00;190520,00;38104,00;1
WINQ26;18/03/2026;10:00:00;189220,00;190100,00;189220,00;190100,00;1022211,00;27
WINQ26;18/03/2026;09:00:00;189800,00;189800,00;188810,00;188905,00;302469,00;8
WINQ26;17/03/2026;10:00:00;191805,00;191905,00;191805,00;191905,00;1381696,00;36
WINQ26;17/03/2026;09:00:00;188890,00;190135,00;188790,00;189900,00;1213803,00;32
WINQ26;16/03/2026;16:00:00;189920,00;189920,00;189920,00;189920,00;37984,00;1
WINQ26;16/03/2026;15:00:00;190100,00;190400,00;190100,00;190400,00;76100,00;2
WINQ26;16/03/2026;14:00:00;189700,00;189700,00;189700,00;189700,00;37940,00;1
WINQ26;16/03/2026;10:00:00;190650,00;190700,00;190500,00;190500,00;266890,00;7
WINQ26;16/03/2026;09:00:00;189720,00;190785,00;189670,00;190100,00;570560,00;15
WINQ26;13/03/2026;18:00:00;187005,00;187250,00;187005,00;187250,00;972577,00;26
WINQ26;13/03/2026;17:00:00;187480,00;187480,00;187480,00;187480,00;37496,00;1
WINQ26;13/03/2026;16:00:00;187500,00;187500,00;187365,00;187365,00;412230,00;11
WINQ26;13/03/2026;14:00:00;187500,00;187500,00;187500,00;187500,00;37500,00;1
WINQ26;13/03/2026;12:00:00;188620,00;188620,00;188620,00;188620,00;37724,00;1
WINQ26;13/03/2026;10:00:00;190500,00;190500,00;190500,00;190500,00;38100,00;1
WINQ26;13/03/2026;09:00:00;189685,00;189685,00;189675,00;189675,00;75872,00;2
WINQ26;12/03/2026;13:00:00;189685,00;189685,00;189685,00;189685,00;37937,00;1
WINQ26;12/03/2026;10:00:00;191000,00;191000,00;191000,00;191000,00;38200,00;1
WINQ26;12/03/2026;09:00:00;193000,00;193000,00;191350,00;191350,00;996685,00;26
WINQ26;11/03/2026;18:00:00;193535,00;193535,00;193535,00;193535,00;1935350,00;50
WINQ26;11/03/2026;16:00:00;193500,00;193500,00;193500,00;193500,00;38700,00;1
WINQ26;11/03/2026;12:00:00;194500,00;194500,00;194000,00;194000,00;77700,00;2
WINQ26;11/03/2026;11:00:00;195065,00;195065,00;194670,00;194670,00;1989576,00;51
WINQ26;11/03/2026;10:00:00;192900,00;195065,00;192900,00;195065,00;116593,00;3
WINQ26;10/03/2026;18:00:00;193500,00;193500,00;193500,00;193500,00;38700,00;1
WINQ26;10/03/2026;17:00:00;193650,00;193775,00;193650,00;193775,00;116240,00;3
WINQ26;10/03/2026;16:00:00;194090,00;194090,00;193250,00;193250,00;348722,00;9
WINQ26;10/03/2026;15:00:00;194960,00;194960,00;194960,00;194960,00;1949600,00;50
WINQ26;10/03/2026;13:00:00;193970,00;193970,00;193970,00;193970,00;38794,00;1
WINQ26;10/03/2026;12:00:00;193950,00;193950,00;193950,00;193950,00;38790,00;1
WINQ26;09/03/2026;18:00:00;191600,00;191600,00;191600,00;191600,00;38320,00;1
WINQ26;09/03/2026;16:00:00;190500,00;191530,00;190500,00;191400,00;536022,00;14
WINQ26;09/03/2026;13:00:00;189800,00;189800,00;189800,00;189800,00;37960,00;1
WINQ26;09/03/2026;12:00:00;189300,00;189500,00;189300,00;189500,00;75760,00;2
WINQ26;09/03/2026;10:00:00;189000,00;189000,00;189000,00;189000,00;37800,00;1
WINQ26;09/03/2026;09:00:00;188190,00;188190,00;188190,00;188190,00;112914,00;3
WINQ26;06/03/2026;17:00:00;189525,00;189525,00;189100,00;189500,00;151485,00;4
WINQ26;06/03/2026;16:00:00;189525,00;189525,00;189525,00;189525,00;1516200,00;40
WINQ26;06/03/2026;10:00:00;190500,00;190500,00;190500,00;190500,00;1562100,00;41
WINQ26;06/03/2026;09:00:00;190455,00;190455,00;188535,00;189480,00;3441409,00;91
WINQ26;05/03/2026;18:00:00;190665,00;190665,00;190665,00;190665,00;76266,00;2
WINQ26;05/03/2026;17:00:00;190620,00;191600,00;190620,00;191600,00;190878,00;5
WINQ26;05/03/2026;14:00:00;191000,00;191000,00;191000,00;191000,00;38200,00;1
WINQ26;05/03/2026;12:00:00;191795,00;191795,00;191795,00;191795,00;38359,00;1
WINQ26;05/03/2026;11:00:00;193900,00;193900,00;192300,00;192300,00;927260,00;24
WINQ26;05/03/2026;10:00:00;194055,00;194055,00;194055,00;194055,00;38811,00;1
WINQ26;04/03/2026;11:00:00;194380,00;194380,00;193900,00;193900,00;116436,00;3
WINQ26;04/03/2026;10:00:00;196000,00;196000,00;195485,00;195485,00;273885,00;7
WINQ26;04/03/2026;09:00:00;194450,00;195075,00;194450,00;194690,00;700645,00;18
WINQ26;03/03/2026;18:00:00;193530,00;193530,00;192980,00;192980,00;154552,00;4
WINQ26;03/03/2026;16:00:00;194445,00;194650,00;194445,00;194650,00;9453290,00;243
WINQ26;03/03/2026;15:00:00;194000,00;194675,00;194000,00;194465,00;272209,00;7
WINQ26;03/03/2026;14:00:00;193865,00;193865,00;193850,00;193850,00;193859,00;5
WINQ26;03/03/2026;13:00:00;193040,00;193040,00;193040,00;193040,00;77216,00;2
WINQ26;03/03/2026;11:00:00;192850,00;192850,00;191780,00;191780,00;153965,00;4
WINQ26;03/03/2026;10:00:00;194750,00;194750,00;193985,00;193985,00;77747,00;2
WINQ26;03/03/2026;09:00:00;198500,00;198500,00;194750,00;194750,00;1171603,00;30
WINQ26;02/03/2026;17:00:00;200000,00;200000,00;200000,00;200000,00;40000,00;1
WINQ26;02/03/2026;16:00:00;200000,00;200925,00;200000,00;200925,00;321207,00;8
WINQ26;02/03/2026;15:00:00;199590,00;199590,00;199590,00;199590,00;159672,00;4
WINQ26;02/03/2026;11:00:00;197500,00;199025,00;197395,00;199025,00;1031015,00;26
WINQ26;02/03/2026;10:00:00;198720,00;198720,00;198720,00;198720,00;39744,00;1
WINQ26;02/03/2026;09:00:00;199000,00;199000,00;197750,00;197750,00;198490,00;5
WINQ26;27/02/2026;18:00:00;199600,00;199600,00;199600,00;199600,00;79840,00;2
WINQ26;27/02/2026;17:00:00;199600,00;199600,00;199600,00;199600,00;39920,00;1
WINQ26;27/02/2026;16:00:00;199630,00;199630,00;199600,00;199600,00;1317366,00;33
WINQ26;27/02/2026;14:00:00;200620,00;200620,00;200620,00;200620,00;40124,00;1
WINQ26;27/02/2026;13:00:00;200900,00;200900,00;200620,00;200620,00;80304,00;2
WINQ26;27/02/2026;11:00:00;201740,00;201740,00;201740,00;201740,00;403480,00;10
WINQ26;27/02/2026;10:00:00;201020,00;201020,00;200400,00;200400,00;482204,00;12
WINQ26;27/02/2026;09:00:00;200200,00;200400,00;200200,00;200400,00;80120,00;2
WINQ26;26/02/2026;17:00:00;201995,00;202000,00;201995,00;202000,00;121199,00;3
WINQ26;26/02/2026;15:00:00;201200,00;201200,00;201200,00;201200,00;40240,00;1
WINQ26;26/02/2026;12:00:00;201000,00;201150,00;200600,00;200600,00;160779,00;4
WINQ26;26/02/2026;11:00:00;201750,00;201750,00;201300,00;201300,00;80610,00;2
WINQ26;26/02/2026;10:00:00;201900,00;201900,00;201900,00;201900,00;40380,00;1
WINQ26;26/02/2026;09:00:00;201800,00;201800,00;201795,00;201795,00;403591,00;10
WINQ26;25/02/2026;17:00:00;201700,00;202040,00;201700,00;202040,00;80748,00;2
WINQ26;25/02/2026;16:00:00;201890,00;201900,00;201890,00;201900,00;121136,00;3
WINQ26;25/02/2026;12:00:00;202190,00;202190,00;202000,00;202000,00;121238,00;3
WINQ26;25/02/2026;11:00:00;202605,00;202605,00;202405,00;202405,00;81002,00;2
WINQ26;25/02/2026;10:00:00;203625,00;203625,00;202605,00;202605,00;162549,00;4
WINQ26;24/02/2026;17:00:00;203000,00;203000,00;203000,00;203000,00;40600,00;1
WINQ26;24/02/2026;16:00:00;202535,00;202775,00;202535,00;202775,00;81062,00;2
WINQ26;24/02/2026;14:00:00;203000,00;203000,00;202890,00;202890,00;81178,00;2
WINQ26;24/02/2026;12:00:00;201500,00;202535,00;201500,00;202535,00;161607,00;4
WINQ26;24/02/2026;10:00:00;200750,00;201500,00;200750,00;201250,00;120700,00;3
WINQ26;24/02/2026;09:00:00;201000,00;201000,00;201000,00;201000,00;80400,00;2
WINQ26;23/02/2026;17:00:00;199975,00;200250,00;199975,00;200250,00;120055,00;3
WINQ26;23/02/2026;16:00:00;199820,00;199820,00;199820,00;199820,00;39964,00;1
WINQ26;23/02/2026;15:00:00;200600,00;200600,00;200340,00;200340,00;998334340,00;24916
WINQ26;23/02/2026;13:00:00;199975,00;200335,00;199975,00;200335,00;80062,00;2
WINQ26;23/02/2026;11:00:00;200960,00;200960,00;200960,00;200960,00;40192,00;1
WINQ26;20/02/2026;17:00:00;201900,00;202000,00;201595,00;201595,00;201849,00;5
WINQ26;20/02/2026;16:00:00;200900,00;201300,00;200900,00;201300,00;80440,00;2
WINQ26;20/02/2026;15:00:00;200655,00;200655,00;200655,00;200655,00;40131,00;1
WINQ26;20/02/2026;14:00:00;200100,00;200100,00;200100,00;200100,00;40020,00;1
WINQ26;20/02/2026;12:00:00;199225,00;200100,00;199225,00;200100,00;478775,00;12
WINQ26;20/02/2026;09:00:00;199500,00;199565,00;199500,00;199565,00;399117,00;10
WINQ26;19/02/2026;18:00:00;199700,00;199700,00;199700,00;199700,00;39940,00;1
WINQ26;19/02/2026;17:00:00;199330,00;199600,00;199330,00;199600,00;79786,00;2
WINQ26;19/02/2026;15:00:00;199700,00;199700,00;199700,00;199700,00;39940,00;1
WINQ26;19/02/2026;14:00:00;199850,00;199850,00;199850,00;199850,00;39970,00;1
WINQ26;19/02/2026;13:00:00;199645,00;199645,00;199645,00;199645,00;39929,00;1
WINQ26;19/02/2026;12:00:00;198110,00;199480,00;198110,00;199480,00;357953,00;9
WINQ26;19/02/2026;10:00:00;198000,00;198000,00;198000,00;198000,00;39600,00;1
WINQ26;19/02/2026;09:00:00;197345,00;198300,00;197345,00;198300,00;118598,00;3
WINQ26;13/02/2026;15:00:00;197540,00;197545,00;197540,00;197545,00;331869200,00;8400
WINQ26;13/02/2026;14:00:00;197540,00;197545,00;197540,00;197545,00;38757488,00;981
