case_id;asset;timeframe;source_file;timestamp;candle_no_python;previous_bars_available;previous_bars_required;o;h;l;c;v;rng;m;a;F;mu;sigma;z;fam;est;cor_python;limiar_escuro_sigma;limiar_brilhante_sigma;caso_objetivo;profit_visual_status;comparison_status;profit_bar_time_basis;profit_visual_timestamp;profit_candle_no;profit_visual_o;profit_visual_h;profit_visual_l;profit_visual_c;profit_visual_indicator;profit_visual_indicator_scale;evidence_screenshot;profit_capture_notes
P01;WINQ26;5min;WINQ26_F_0_5min.csv;2026-06-15 09:20:00;5;5042;39;176420,0;176480,0;176150,0;176315,0;46447804,0;330,0;-0,3181818181818182;1,7536735548764961;-55,79870401879761;-55,88783513253297;508,0640076383533;0,00017543284388451944;0;0;⬜;1,5;2,5;"neutro; z próximo de zero";EVIDENCIA_VISUAL_RECEBIDA;VISUAL_SOMENTE;"Tooltip mostra 09:20; Profit não explicita no print se timestamp é abertura ou fechamento.";2026-06-15 09:20:00;5;176420.0;176480.0;176150.0;176315.0;FORCA_WIN_ESTUDO_FMA;"Escala e plots visíveis; valores do eixo não tratados como valores da barra selecionada.";anexo_conversa_2026-10-07_P01;"Timestamp, candle 5 e OHLC legíveis; sem Data Window/valores internos do motor."
P02;WINQ26;5min;WINQ26_F_0_5min.csv;2026-07-01 14:05:00;62;6455;39;174630,0;174685,0;174460,0;174465,0;2841560527,0;225,0;-0,7333333333333333;0,7967690235401769;-58,4297283929463;9,99118015131692;45,633404380554516;-1,4993601611151985;0;0;⬜;1,5;2,5;neutro imediatamente abaixo de -1.5σ;AGUARDANDO_EVIDENCIA_VISUAL;PENDENTE;;;;;;;;;;;
P03;WINQ26;5min;WINQ26_F_0_5min.csv;2026-06-11 13:10:00;51;4862;39;172285,0;172380,0;172285,0;172380,0;2722859,0;95,0;1,0;0,44548490835591686;44,548490835591686;1,7922309787985724;28,201383270456695;1,516105059342386;1;1;🟩;1,5;2,5;verde escuro próximo de +1.5σ;AGUARDANDO_EVIDENCIA_VISUAL;PENDENTE;;;;;;;;;;;
P04;WINQ26;5min;WINQ26_F_0_5min.csv;2026-07-09 11:00:00;25;7096;39;173110,0;173645,0;173100,0;173550,0;12083489770,0;545,0;0,8073394495412844;1,412301840182022;114,02069902386967;-7,343096788958718;80,20102285172341;1,513244987376373;1;1;🟩;1,5;2,5;verde escuro próximo de +1.5σ;AGUARDANDO_EVIDENCIA_VISUAL;PENDENTE;;;;;;;;;;;
P05;WINQ26;5min;WINQ26_F_0_5min.csv;2026-06-23 13:05:00;50;5765;39;173995,0;174410,0;173990,0;174365,0;6947389795,0;420,0;0,8809523809523809;1,2861748428526707;113,30587901321145;9,26327387814203;41,39769215234014;2,513246505438059;1;2;🟢;1,5;2,5;verde brilhante próximo de +2.5σ;AGUARDANDO_EVIDENCIA_VISUAL;PENDENTE;;;;;;;;;;;
P06;WINQ26;5min;WINQ26_F_0_5min.csv;2026-07-08 09:00:00;1;6959;39;172230,0;173670,0;172065,0;173650,0;19766541260,0;1605,0;0,8847352024922118;15,304535082744568;1354,0460945481175;56,39982333260701;299,212209213998;4,336876074089035;1;2;🟢;1,5;2,5;"verde brilhante; evento intenso para testar escala/volume";AGUARDANDO_EVIDENCIA_VISUAL;PENDENTE;;;;;;;;;;;
P07;WINQ26;5min;WINQ26_F_0_5min.csv;2026-07-03 13:25:00;54;6673;39;177030,0;177055,0;176965,0;176975,0;2029171323,0;90,0;-0,6111111111111112;0,64046346231086;-39,139433807885894;6,296176982300237;30,253982310103677;-1,5018059548151574;-1;-1;🟥;1,5;2,5;vermelho escuro próximo de -1.5σ;AGUARDANDO_EVIDENCIA_VISUAL;PENDENTE;;;;;;;;;;;
P08;WINQ26;5min;WINQ26_F_0_5min.csv;2026-07-13 09:20:00;5;7302;39;179785,0;179845,0;179540,0;179665,0;8214156222,0;305,0;-0,39344262295081966;2,1939519018272735;-86,31941908828617;12,75289481846816;39,646657424423545;-2,4988818816721428;-1;-1;🟥;1,5;2,5;vermelho escuro próximo de -2.5σ;AGUARDANDO_EVIDENCIA_VISUAL;PENDENTE;;;;;;;;;;;
P09;WINQ26;5min;WINQ26_F_0_5min.csv;2026-07-10 14:15:00;64;7248;39;179415,0;179475,0;179240,0;179250,0;4026262765,0;235,0;-0,7021276595744681;0,9842437455315006;-69,10647575008409;21,49049068002837;35,9500411212158;-2,520079632861587;-1;-2;🔴;1,5;2,5;vermelho brilhante próximo de -2.5σ;AGUARDANDO_EVIDENCIA_VISUAL;PENDENTE;;;;;;;;;;;
P10;WINQ26;5min;WINQ26_F_0_5min.csv;2026-06-01 10:20:00;17;4038;39;177535,0;177535,0;177025,0;177085,0;17617357,0;510,0;-0,8823529411764706;4,419137837834448;-389,9239268677454;-31,021854638016794;107,4387862440409;-3,340526124471507;-1;-2;🔴;1,5;2,5;"vermelho brilhante; intensidade intermediária";AGUARDANDO_EVIDENCIA_VISUAL;PENDENTE;;;;;;;;;;;
